Title,Artist,Album,Location,Duration,Persistent ID
Whole Wide World,A'me Lorain,1990 Top 100,,232.75,2A48ECBA95537F60
Work - Navic Hard Bootleg (Dirty),A$AP Ferg,,,180.82,118AE72EB12FA88B
Back And Forth (Remix),Aaliyah,,,224.65,AA1435DC23E61113
If Your Girl Only Knew,Aaliyah,,,290.98,892D789DC2AD9AC0
At Your Best (You Are Love),Aaliyah,,,291.60,0BF93A9FCDC28763
I Miss You,Aaron Hall,,,381.75,9C3AD17B806076E7
Everybody Plays The Fool,Aaron Neville,,,266.06,228196FE1E50D0AD
Highway to Hell,ACDC,?,,208.14,3087EE61C0A0B168
The Sign,Ace of Base,,,189.88,23F8AF6779031BB4
All That She Wants,Ace Of Base,,,211.90,8D2D248374171B8C
Don't Turn Around,Ace Of Base,,,231.63,D4054C5B0EF8F6AB
All That She Wants,Ace Of Base,,,211.90,9E6D2A79E30B8329
Beautiful Life,Ace Of Base,,,219.87,91E94A7A1F9373D0
Whataya You Want From Me,Adam Lamber,Electro House (31.01.2010),,226.61,080DD1D15F967EB5
Freak Like Me,Adina Howard,,,268.23,BE7AF720B7E126F5
What It Takes,Aerosmith,1990 Top 100,,310.49,21A3F3E1DFD4BE73
Janie's Got A Gun,Aerosmith,,,330.58,F63C58108C6B120A
Crazy,Aerosmith,,,315.64,63B5FAFECECB0C61
Amazing,Aerosmith,,,356.49,7F32F59FDF4D35E2
Livin' On The Edge,Aerosmith,,,367.10,305F5D7D67D18284
Musician (Gamble Remix),Afrojack,URBANMUSiCDAiLY.NET,,341.37,828F73C05393EEE8
'Till U Do Me Right,After 7,Billboard Hits - 1995 - Disk 5,,291.97,A87A4C5DAB6B90F1
Ready Or Not,After 7,1990 Top 100,,272.20,020A42F0B6F0090D
Can't Stop,After 7,1990 Top 100,,240.20,39CAE32058B72E6D
Back In The Day,Ahmad,,,307.04,2B782308219C40E8
Boomerang (Prod. by DJ Felli Fel),Akon feat. Pitbull & Jermaine Dupri,,,197.25,A5AF338F148D5D64
Ironic,Alanis Morisette,,,227.94,9EA78D728975818F
You Learn,Alanis Morissette,,,239.86,26F43DF23D3C6DC7
You Oughta Know,Alanis Morissette,,,246.80,83EF0D11CEAE06D7
Black Velvet,Alannah Myles,1990 Top 100,,288.65,99B9EA604477214E
REMEDY (Intro),Alesso,,,224.05,C305242A14F41D55
Years,Alesso feat Matthew Koma -,Clubland Vol. 2,,195.40,5071E0DEA871168E
On Leur A Fait Croire (Dj Smoke Overdub Club Mix),Alex Nevsky,,,219.90,3AC3EBF719CDBF4E
Mr. Saxobeat,Alexandra Stan,,,194.85,19B9205E9461EF25
Better Off Runaway Alone U & I Working Otis Hard (SoundMan Club Hitter),Alice Deejay vs. Galantis,,,315.11,9FFA6846925F6F98
Roll It Gal Vs. Wine & Kotch (Moneykey Mashup),Alison Hinds,,,397.58,E2B1611E765C868C
I Swear,All-4-One,,,259.92,4FFD0EEBFE219BEC
I Can Love You Like That,All-4-One,,,262.58,DBE44B329FB82F52
So Much In Love,All-4-One,,,211.72,F7643403489BB347
All Cried Out,Allure Featuring 112,,,275.72,C528356D8D14E335
This Is Your Night,Amber,,,236.33,BD4D3C00D2163A8E
Good For Me,Amy Grant,Heart in Motion,,239.33,AE3DE9D4CD7EF32A
Thats What Love Is For,Amy Grant,Heart in Motion,,257.28,BC7AD2A64C8BFB92
I Will Remember You,Amy Grant,Heart in Motion,,300.56,6A05E2C1102AB4A4
Baby Baby,Amy Grant,1991 Top 100,,237.35,3081D245813D6563
Every Heartbeat,Amy Grant,1991 Top 100,,213.73,70D1271341CC1105
No More 'I Love You's',Annie Lennox,,,291.32,21D00CC42F84917A
Iesha,Another Bad Creation,1991 Top 100,,260.94,F131845D13ACAA95
Intro You (3LAU Remix) [DJ Moneykey Club Edit],Ariana Grande,,,215.16,4F1C19ED4B64AA52
Another You (feat. Mr. Probz)  (Extended ),Armin van Buuren,,,294.82,C74AC5F4DFD948EF
Another You (feat. Mr. Probz)  (Mark Sixma Radio Edit ),Armin van Buuren,,,221.78,3C4C591ACC44FA48
Ping Pong Tremor,Armin Van Buuren Vs. Martin Garrix & Dimitri Vegas & Like Mike,,,319.97,4AA8CDA6B614FF29
Tennessee,Arrested Development,Living in the 90'S -- Disk 1,,274.21,C389DA6E6FA9462E
Mr. Wendal,Arrested Development,,,247.51,5628B15434F99C95
Masterpiece,Atlantic Starr,1992 Top 100,,295.50,08422AD199DB4843
Wake Me Up (Merengue Remix),Avicii,,,235.10,F5086E59A6899137
Sun Is Shining (Album Version),Axwell /\ Ingrosso,,,254.69,EA698DE8974858B8
Together (Julien Creance WMC Remix),Axwell & Ingrosso,www.livingelectro.com,,392.07,F541A7B75193D18D
Sugar Hill,AZ The Visualiza,Billboard Hits - 1995 - Disk 5,,248.03,AA21F98073892B18
Last Night (From Nutty Professor Soundtrack),Az Yet,,,259.87,061C399CF0BA1EB2
Hard To Say I'm Sorry,Az Yet With Peter Cetera,,,196.54,9FBB12DDE338B028
Roam,B-52's,,,289.04,6835C5EB9B401C10
Nothing On You,B.o.B Feat. Bruno Mars,RNBXCLUSIVE 2009,,269.69,03A5F78CC0AE8197
Beast Mode (DJ Kue Remix),B.o.B.,,,2163.51,BC083B4F5DD9E04F
Harlem Shake (Original Mix),Baauer,Harlem Shake,,196.73,2F5C4CA13A3CAF9A
Whip Appeal,Babyface,1990 Top 100,,347.14,C0F78E34162FD5D1
Every Time I Close My Eyes,Babyface,,,296.39,89C20879F7C71597
When Can I See You Again,Babyface,,,229.72,AC9DDBA04D5DBE6E
Never Keeping Secrets,Babyface,,,293.28,086F98E098DD0F86
And Our Feelings,Babyface,,,340.01,76635C14E2B957BF
Quit Playing Games (With My Heart),Backstreet Boys,,,233.04,A334C5898ADEB84F
Everybody (Milk & Cookies VIP Remix),Backstreet Boys,,,183.75,1526696A7058B251
Price Of Love,Bad English,Bad English,,287.71,CE79DDD23B26CED3
Fast Lane,Bad Meets Evil ft. Eminem,,,252.32,47F2E2615AD064D2
I Finally Found Someone,Barbra Streisand & Bryan Adams,1997,,224.65,14333FDDA8C5E591
Live Tonight,Basto,Summer Session 11,,261.69,8780919D157A1946
Keep On Temperature (Dj Cosmic Bootleg),Basto vs. Sean Paul,,,212.35,86C00CF6FEE5264D
Loser,Beck,,,234.66,73CBFF2B21EA3C8E
Back It Up (Dj Cosmic Short XTD),Beenie Man,,,185.21,06B29F0C37BA9636
Do Me,Bell Biv DeVoe,,,272.43,EA39A9E563D77E01
Benny Benassi-Satisfaction(Acapella),Benny Benassi,,,171.41,F345B8AFBF90AFF6
Satisfaction (Acapella),Benny Benassi,,,171.41,35D151FD6FA3CE37
From A Distance,Bette Midler,1991 Top 100,,278.44,58A54AE2272836A0
Good,Better Than Ezra,,,184.82,DD5241B3D9F7C4EC
Drunk In Love (WILLY WILLIAM BOOTLEG),BEYONCE,,,234.19,8368AA5D0F110829
Baby I Love Your Way,Big Mountain,Reality Bites,,264.23,86706E0AB6EF3CF9
IDFWU 'I Don't Fuck With You' (DJ Intro's) (DJ Intro Dirty),Big Sean ft. E-40,,,284.19,E61BC4EB8F9A087E
Cradle Of Love (Remastered),Billy Idol,Greatest Hits,,278.75,4099A7E6EC1E5DA2
Say Goodbye To Hollywood,Billy Joel,Songs In The Attic [Live],,266.68,91E60534AD0472C5
The River of Dreams,Billy Joel,50 Years of the Piano Man,,246.52,CE88664B636D1F93
I Go to Extremes (Audio),Billy Joel,,,264.46,70E5464147A92792
We Didn't Start the Fire,Billy Joel,,,291.76,C4C5B341F0250925
Everybody Everybody,Black Box,,,254.15,FD639D0835F82209
Strike It Up,Black Box,,,315.17,E2ED37845055B93F
Before I Let You Go,Blackstreet,Billboard Hits - 1995 - Disk 4,,299.05,F6D934062F66ECC8
No Diggity,Blackstreet,,,307.04,0C20084EE86FD854
No Diggity,BLACKstreet Featuring Dr. Dre,,,303.83,45BFF3FB5F997B64
Snake (Original Mix)www.livingelectro.com,Blasterjaxx,,,311.38,D3B535A4507D03A6
I Believe,Blessid Union Of Souls,,,268.07,2B99502F80AFDF42
Run-Around,Blues Traveler,,,279.22,B6F716B64716C7C0
Hook,Blues Traveler,,,290.22,35C4AF005B7219BF
Toune De Bière (Martell Edit),Bob Bissonnette x Serj Elnitz & Michael Feiner,,,185.34,5698C83C01D80F85
Far l'Amore,Bob Sinclair & Raffaella Carra,Summer Session 11,,180.87,B52DB28CC8DEE37D
Rock This Party,Bob Sinclar,,,196.52,FF3319685071840A
Humpin' Around,Bobby Brown,Living in the 90'S -- Disk 1,,377.70,06838BA7AEC0B1FF
Good Enough,Bobby Brown,,,302.03,FB744197C32F819C
Closer To Free,Bodeans,,,189.68,97A8C5E39BC98A31
Ronda Rousey (Original Mix),Bombs Away,,,131.06,A9F0C95B08475392
You Give Love A Bad Name,Bon Jovi,Greatest Hits,,225.49,FA4E5BAF015B7137
It's My Life,Bon Jovi,Greatest Hits,,241.61,BFA6B8DCF1653284
I'll Be There For You,Bon Jovi,Greatest Hits,,350.93,EA08A13C5C4E5312
Bed Of Roses,Bon Jovi,Greatest Hits,,402.81,EA8259B6F41A160C
Always,Bon Jovi,Greatest Hits,,336.64,F7F0C50787C32426
Blaze Of Glory,Bon Jovi,1990 Top 100,,333.04,64E200F1CC0DCBC0
Always,Bon Jovi,,,353.57,FDB63B3ACDD6C6E4
This Ain't A Love Song,Bon Jovi,,,304.77,32746DAD959D14D8
Always,Bon Jovi,,,353.57,D05EFAA1B7CB54E9
Bed of Roses,Bon Jovi,,,393.38,92422648EFFC11B4
1st Of Tha Month,Bone Thugs N Harmony,Billboard Hits - 1995 - Disk 5,,314.83,71901326E552BD75
Look Into My Eyes,Bone Thugs N Harmony,1997,,267.70,916FE569004ED8AD
Crossroads,Bone Thugs N Harmony,,,229.15,53EF5900DE9C2476
Something To Talk About,Bonnie Raitt,1991 Top 100,,227.55,0369ED6305414F92
Love Sneakin' Up On You,Bonnie Raitt,,,221.83,CDB5DDF552672A9C
I Can't Make You Love Me,Bonnie Raitt,,,285.18,C3D9EA8FC351A3C7
Break The House (Original Mix),Borgeous & Tony Junior,,,293.59,B8B707389259498C
Sweet Dreams,La Bouche,,,287.84,4FD711038FAEC5DC
That's What Love Can Do,Boy Krazy,,,199.94,7FBF5CC372C46684
I'll Make Love To You,Boyz II Men,Billboard Hits - 1995 - Disk 4,,238.73,761B70EE0BBABEBE
Motownphilly,Boyz II Men,1991 Top 100,,235.31,2923E97EFEB43730
End Of The Road,Boyz II Men,,,348.55,5283A1AFFF675188
I'll Make Love To You,Boyz II Men,,,236.67,1F466ACE928E4370
On Bended Knee,Boyz II Men,,,328.78,93DDBAA57AE64091
In The Still Of The Night,Boyz II Men,,,168.99,7DC4A20A1CB473F5
Water Runs Dry,Boyz II Men,,,201.77,715288D95F00DAE6
4 Seasons Of Loneliness,Boyz II Men,,,292.05,4FA96D3DA97DAC0A
It's So Hard To Say Goodbye To Yesterday,Boyz II Men,,,170.89,69A1139E3B55061A
Uhh Ahh,Boyz II Men,,,231.37,9A5B2804F28ACECD
Thank You,Boyz II Men,,,272.25,8029AEC8808FEBB1
Baby,Brandy,Billboard Hits - 1995 - Disk 4,,313.21,A6F5A6E4B081C576
I Wanna Be Down,Brandy,Billboard Hits - 1995 - Disk 4,,294.01,70D95F887ED9AD42
Broken Hearted,Brandy,Billboard Hits - 1995 - Disk 5,,286.85,01384843977EDA82
Best Friend,Brandy,Billboard Hits - 1995 - Disk 6,,288.86,DD0182F24102AFC2
Sittin' Up In My Room,Brandy,,,290.56,ED550F5A619E0A83
I Wanna Be Down,Brandy,,,293.54,53470B17E3CE659C
One Last Cry,Brian McKnight,,,291.47,4DFF0F4DDAE17BAD
I Wanna Go (Martin & Souza Club Mix),Britney Spears,www.livingelectro.com,,469.13,CA0B87ACBD6A737C
Gimme More (Dj Cosmic XTD Reggaeton 2),Britney Spears feat. Dance-O-Die,,,184.24,28B2E9DB2812CCC5
If You Love Me,Brownstone,,,304.64,BF64FFD55BFB79CC
Streets Of Philadelphia,Bruce Springsteen,,,257.02,14371AEEA7EAAFAF
Locked Out Of Heaven (Sultan & Ned Shepard Remix) COSMIC REBUILD,Bruno Mars,,,294.43,05415FAF8C5C64D8
24K Magic (Cristian Tomas Extended Remix) MASTER,Bruno Mars,,,203.05,30A469C9AAC882BD
Please Forgive Me,Bryan Adams,So Far So Good,,355.32,2DD8A2B575129452
Do I Have To Say The Words,Bryan Adams,So Far So Good,,371.12,35487E7B88A91A8A
Can't Stop This Thing We Started,Bryan Adams,1991 Top 100,,268.15,696C0035147AAC9C
Have You Ever Really Loved A Woman,Bryan Adams,,,291.03,2A1A666AF09C0C0C
Thought I'd Died And Gone To Heaven,Bryan Adams,,,348.37,070E549E2642530A
(Everything I Do) I Do It For You,Bryan Adams,,,392.80,3017AFCAA97AC574
All For Love,"Bryan Adams, Sting & Rod Stewart",,,284.52,627034B0B667A109
Differentology (Major Lazer Remix) (SoundMan Club Hitter),Bunji Garlin,,,280.06,C4FDBA50732BE927
Everything Remains Raw,Busta Rhymes,,,220.81,31167DC16D399D07
Gonna Make You Sweat (Everybody Dance Now),C & C Music Factory,1991 Top 100,,246.46,4E011AFC9A64A078
"Here We Go, Let's Rock & Roll",C & C Music Factory,1991 Top 100,,342.73,C80A7ECAA69FB005
Things That Make You Go Hmmmm,C & C Music Factory,1991 Top 100,,323.89,380BD9379EB43BE8
Teach me how to dougie,California Swag District,www.djyellow.com,,207.78,E11A2778D6EFF4B9
I Wanna Be Rich,Calloway,1990 Top 100,,306.99,DCD7C435BFF2277C
Blame Acapella,Calvin Harris,,,170.68,AACC65C4A82F44C5
Blame Acapella,Calvin Harris,,,170.68,31A58D16FBB20BE0
Outside (SoundMan Club Hitter),Calvin Harris,,,382.72,90C5D171665CFA6D
Summer (Bombs Away Remix),Calvin Harris,,,285.07,1B3ECB3C313E6367
Summer Acapella,Calvin Harris,,,185.68,9383759EA8BB7C8E
We'll Be Coming Back (SoundMan Quick Hitter),Calvin Harris,,,210.23,D75082C38171C1B2
How Deep Is Your Love (Single Version),Calvin Harris & Disciples,,,212.71,F9ED5506F09FA499
Sweet Nothing (SoundMan Quick Intro),Calvin Harris Feat. Florence Welch,,,256.44,B2CF7F25A4C694BC
Blame (Acapella),Calvin Harris feat. John Newman,,,50.10,8ABC7316FC96943B
More And More,Captain Hollywood Project,,,249.86,BEECEF73388B4D03
Toca (Original Mix),Carnage feat. Timmy Trumpet & KSHMR,drunkenbeat.net,,221.34,CDFD4780BFD2FEA4
"Touch Me, Tease Me",Case Featuring Foxy Brown,,,227.24,B9C66332E4668BBB
Touch Me (All Night Long),Cathy Dennis,1991 Top 100,,249.36,BDBA0728762D025B
Too Many Walls,Cathy Dennis,,,242.65,9962F93B66B21537
Just Another Dream,Cathy Dennis,,,244.22,D1515388E52DC36C
Finally,CeCe Peniston,Living in the 90'S -- Disk 1,,245.37,5357F0C39D870FFD
Keep On Walkin',CeCe Peniston,,,236.72,5D9DB3CA9939222B
We Got A Love Thang,CeCe Peniston,,,327.99,960FD8E3FF806D61
Beauty And The Beast (Duet With Peabo Bryson),Celine Dion,My Love-Ultimate Essential Collection,,244.79,162CCBF3518BF47E
The Power Of Love,Celine Dion,The very best of,,342.44,BEE0AC51EE353540
Where Does My Heart Beat Now,Celine Dion,1991 Top 100,,271.93,EBF83BAE7532DF54
If You Asked Me To,Celine Dion,1992 Top 100,,232.36,5A316A87E8A28E5C
Because You Loved Me,Celine Dion,,,273.24,F1D7CAC4CEF6A830
It's All Coming Back To Me Now,Celine Dion,,,456.59,E031C20084D89F2D
All By Myself,Celine Dion,,,312.92,E09B9F5D2C02086F
It's All Coming Back To Me Now,Celine Dion,,,457.35,B93DF14899D00448
G.H.E.T.T.O.U.T,Changing Faces,1997,,269.32,FDD802C785DF240D
Stroke You Up,Changing Faces,,,349.83,BD0E8D0CA4DD9190
Would I Like To You,Charles & Eddie,20 Ans RTL 2,,216.06,5AF20D8936449900
Wine & Kotch instrumental,Charly Black and J Capri,,,203.47,66B8338381C6AEE3
Just Like Jesse James,Cher,,,247.27,7E41BAAE7783E6A9
The One And Only,Chesney Hawkes,,,218.98,5A747769DF41EC39
What Kind Of Man Would I Be (Remix),Chicago,Greatest Hits 1982-1989,,254.43,14375FE4253254C7
Wicked Game,Chris Isaak,1991 Top 100,,288.21,FE45872F58339CD0
Who Is Ready To Jump (Chuckie Jump Around Bootleg),Chuckie,,,374.18,7E3E918BF4485FCE
In Da Club,"Clyde Carson, Sean Kingston and The Game",In Da Club Single,,245.32,79294747D92BE502
Shine,Collective Soul,,,306.44,5E7E5B4712479BB6
December,Collective Soul,,,285.36,EBE49D221773B173
The World I Know,Collective Soul,,,256.55,1E48A2CD009DC316
I Wanna Sex You Up,Color Me Badd,,,246.39,9BD11EC8B3473C60
All 4 Love,Color Me Badd,,,211.88,BB41D4DE557185A4
I Adore Mi Amor,Color Me Badd,,,291.76,DBC880F87477359B
"The Earth, The Sun, The Rain",Color Me Badd,,,218.93,A70E879E401B90E6
Slow Motion,Color Me Badd,,,265.72,874CEDC4B82551B0
Thinkin' Back,Color Me Badd,,,322.22,D76A2BF180DA4752
Gangstas Paradise,Coolio,,,241.48,5C164EC3C4F0765D
"1, 2, 3, 4 (Sumpin' New)",Coolio,,,266.42,24496A560F742964
Gangsta's Paradise,Coolio & LV,Billboard Hits - 1995 - Disk 1,,241.48,14AC10451EF542DA
Temptation,Corina,1991 Top 100,,239.49,D7D5068D780B209F
We Can't Go Wrong,Cover Girls,1990 Top 100,,314.91,A0CD967FAB379FB3
Wishing On A Star,Cover Girls,,,282.98,61A1B18EF117112D
Flava In Ya Ear,Craig Mack,,,217.18,5FADC4A59D12CFE8
Linger,Cranberries,,,272.85,DA39B8C0D3931AD4
Mmm Mmm Mmm Mmm,Crash Test Dummies,,,235.10,60BEE0BF2A538663
Give Into The Bass (Remix),Crew Ft. Dirty Impact & Funkytunerockers,,,255.95,6C23A1D6AB265D44
ENGLISHMAN IN NEW YORK (Willy William Club Mix),CRIS CAB ft. WILLY WILLIAM,,,302.26,E403991AAC877BED
Hay,Crucial Conflict,,,264.28,65EF8E74F00413AD
100% Pure Love (32 Intro),Crystal Waters,,,300.04,ED18A799A1D834B4
100% Pure Love (32 Intro),Crystal Waters,,,300.04,70249493839243AB
Mr Vain,Culture Beat,,,336.82,D9F48595C7E3E9DE
Friday I'm In Love,Cure,,,214.41,484490C9D5B54F07
I Don't Believe It,Cutty Ranks,"Singles Pack ""05/31/2014"" - [www.dancehallzone.net]",,267.23,969EEC3AF65E2727
Insane In The Brain,Cypress Hill,,,209.21,961E13424F9BD7C0
C'mon And Get My Love,D-Mob & Cathy Dennis,1990 Top 100,,230.09,650DC6FA3DF33614
Detonate (Original Mix),D-wayne & Leon Bolier,,,352.15,B515D88A8DA4DD85
Brown Sugar,D'Angelo,Billboard Hits - 1995 - Disk 5,,262.61,4521E917F91E417D
Lady,D'angelo,,,345.39,5F4F3292BDF5C808
Give It 2 You,Da Brat,Billboard Hits - 1995 - Disk 6,,192.86,C23DD0D369298DB9
Funkdafied,Da Brat,,,185.78,40569BBFD60ED50E
Forgot About Touch It Rave (Bloodtone x Kronic & Dimatik x Glowinthedark Bootleg),"Dada Life, Daft Punk, Fat Boy Slim x Dr. Dre & Eminem",Facebook.com/bloodtone // Soundcloud.com/bloodtone,,258.85,1EEBC9FD520C5D0B
High Enough,Damn Yankees,1991 Top 100,,259.13,90513C0583FE75F6
5 O'Clock,Dan D-Noy,Summer Session 11,,230.84,60A0882371162DEA
House Mix 2007,Dance Club Remixes,,,263.31,AAC04FF2980F2492
Talk It Out,Danielle D.I. & Tiana,"Singles Pack ""05/31/2014"" - [www.dancehallzone.net]",,300.36,3721E583FA32F0E8
They Want EFX,Das EFX,,,219.30,0775017D9208D5A8
Dash Berlin & Syzz - This Is Who We Are (Club Mix)[www.livingelectro.com],Dash Berlin & Syzz,,,297.12,39F1D8FD3D2C3395
(MASTER) All Night (Dj Moneykey Remix),David Franco,,,279.67,F43153B3782168D2
All Night (Dj Cosmic Club Mix),David Franco feat. FiNk,,,233.90,A489F5DFEB05925F
Little Bad Girl (Instrumental Version),David Guetta,Nothing But The Beat (CD2),,311.93,6CDB37E745D269EC
Metro Music,David Guetta,Nothing But The Beat (CD2),,220.29,B1175370C0C615B5
Toy Story,David Guetta,Nothing But The Beat (CD2),,208.88,7443084D6FEEA440
The Future,David Guetta,Nothing But The Beat (CD2),,161.49,C01500F82744D30E
Dreams,David Guetta,Nothing But The Beat (CD2),,194.95,64DEAB51D8185546
Glasgow,David Guetta,Nothing But The Beat (CD2),,313.76,398662B2DE77FD63
Paris,David Guetta,Nothing But The Beat (CD2),,280.76,D480CA19CB462DC3
Hey Mama (Acapella Clean),David Guetta & Afrojack ft. Nicki Minaj,,,188.05,FBD2CB52C22261B8
BAD (Original Mix)www.livingelectro.com,David Guetta & Showtek feat. Vassy,,,270.13,8649C340A610D8B2
Dangerous (Banging SoundMan Club Hitter),David Guetta Feat Sam Martin,,,375.20,81C840B1FAC24006
Dangerous (Banging SoundMan Quick Hitter),David Guetta Feat Sam Martin,,,262.74,151B7A6976A2F65D
Sexy Bitch (Dj Cosmic CLEAN Club Mix) vs. Chuckie Remix,David Guetta feat. Akon,,,300.04,770ED83AFCAE6D9B
Who's That Chick (Afrojack Dub Remix),David Guetta ft Rihanna,,,360.96,1FC565D6DE867A36
Memories,David Guetta ft. Kid CuDi,One Love,,210.10,7895537BD17688F4
Choose,David Guetta Ft. Ne-Yo & Kelly Rowland,One More Love (CD1),,238.21,04AA4195EFEF9A0F
Missing You,David Guetta ft. Novel,One Love,,188.29,5C57FFA284DDA99C
Titanium (Official Instrumental),David Guetta ft. Sia,,,249.78,8401E8D2301C10C0
I Wanna Go Crazy,David Guetta ft. Will I Am,Summer Session 11,,238.08,A551C2508394461C
BAD (DJ SoundMan Quick Hitter),David Guetta Showtek Feat Vassy,,,183.90,CBC41EBDD50EAF8D
Sun Goes Down (Extended Mix),"David Guetta, Showtek feat. Magic! & Sonny Wilson",,,258.06,5B09E6C0A2F7D206
Venus vs. Mars,"David Latour, Hi-Mode & Narco",Summer Session 11,,263.23,6B059557CB039F69
Some Chords,Deadmau5,4x4=12 (Deluxe Version),,444.14,382D2458001A82A0
G6 N Stuff (Inphinity Bootleg),Deadmau5 vs. Far East Movement ft. Dev & Cataracs,Inphinity Bootleg,,273.29,B40BDFAA4149BD8C
Who Do U Love,Deborah Cox,,,261.93,BFE8E9CFED52FC8E
Groove Is In The Heart,Dee-Lite,,,232.33,42AB9BD44507331C
Breakfast At Tiffany's,Deep Blue Something,,,256.03,1A3AABAD99140A19
Have You Ever Needed Someone So Bad,Def Leppard,Adrenalize,,324.02,21C4A9D3624C0190
Let's Get Rocked,Def Leppard,Adrenalize,,296.28,5DF77FE7B897A776
Two Steps Behind,Def Leppard,Vault - Greatest Hits 1980-199,,259.55,A4ED35EBB0AE57D8
Roll To Me,Del Amitri,Billboard Hits - 1995 - Disk 4,,131.76,D40A76A39E8425CA
Shuri Shuri (Dj Cosmic Bodybangers Hype Rebuild),Denis Naidanow feat. Juan Magan,,,245.73,2C69EECCF5A6D754
Five Hours (Cosmic Rebuild),Deorro,,,292.55,D73EC466774DDC6B
Red Lips (Original Mix) (feat. Pasha),Deorro,Elevation EP,,176.80,5FDB2D535415BB96
Cayendo (Original Mix) (feat. Tess Marie),Deorro,Elevation EP,,241.01,35285603FAA24CF9
Elevated (Original Mix) (feat. Erick Gold),Deorro,Elevation EP,,306.15,39298898E55060F2
Queef (Original Mix) www.livingelectro.com,Deorro & Joel Fletcher,,,270.05,63F7492DFCAFE049
Enjoy The Silence,Depeche Mode,,,247.59,3049579336875375
You Gotta Be,Des'ree,,,244.27,9598B13820682838
Shy Guy,Diana King,,,220.21,61CC316FC01061F8
5150 Call The Popo,Dierks Bentley,,,183.07,FB53D99DFA48D7D7
Rebirth Of Slick (Cool Like Dat),Digable Planets,1993 Top 100,,261.04,9C92DFDC313A8CAB
Cognac (Martell Edit),Digi-Boyz x Plume x Bassjackers,,,171.78,442CB4A07011A5F1
Higher Place (Bassjackers remix) vs. Wave Your Hands,Dimitri Vegas & Like Mike,,,322.04,75877C8804693C39
NOVA (Original Mix),Dimitri Vegas & Like Mike & Tujamo & Felguk,,,252.73,05284892EFD3E69D
G.I.P.S.Y. (Original Mix),Dimitri Vegas & Like Mike vs Boostedkids,,,313.29,0932C320CB9D000A
Dimitri Vegas & Like Mike vs. Ummet Ozcan - The Hum (Original Mix)www.livingelectro.com,Dimitri Vegas & Like Mike vs. Ummet Ozcan,,,356.15,B9F4744BBF8C6D62
Melody (DJ Moneykey Edit),Dimitri Vegas and Like Mike,,,215.62,4C7E1312B3C88F54
The Hum (DJ SoundMan Quick Hitter),Dimitri Vegas Like Mike ft Ummet Ozcan,,,280.82,494F1CC2FC5A5EAF
Tremor - Dynamiq Hype Edit,"Dimitri Vegas, Martin Garrix and Like Mike",Tremor,,152.42,91AA1AC26B386E22
Tremor (Drop Dopers Deep Bootleg),"Dimitri Vegas, Martin Garrix, Like Mike",,,310.31,A0743759D5E73A74
Ooh Child,Dino,1993 Top 100,,241.61,BDAD92E3E378514E
Romeo,Dino,,,247.14,DC6406B8F9194BED
I Know,Dionne Farris,,,227.32,795CDA29FE5FF6AB
Tom's Diner,Dirty Impact vs Royal XTC,Summer Session 11,,253.23,85B82D9CD6A8362C
Counting Blue Cars,Dishwalla,,,290.43,AB2A08DE7DBD943E
I Touch Myself,Divinyls,Living In The 90's - Disk 2,,227.29,574F90B085700782
Ma Cherie (Remay Radio Edit),DJ Antoine ft The Beat Shakers,,,262.19,EE09A72D788271AE
Can You Feel It (Deep House Remix),DJ Ariana Gomez,,,288.52,27B3C9BDBE9B5B34
Electro House 2010 (WICKED MIX),DJ BL3ND,,,287.14,4104036D2C54196B
Electro House 2011 (SWAGGA MIX),DJ BL3ND,,,611.13,AA1C7ED8F7E91D76
Electro House 2011 (EN3RGY MIX),DJ BL3ND,,,592.33,8572918AA400831E
Let The Bass Kick In Miami (Dj Cosmic Blend),Dj Chuckie,,,406.65,7FAB7CF4B9DF6E32
Blu Sky Holiday (Extended Mix),DJ F.R.A.N.K featuring Craig Smart,,,297.06,EB1A7CA982D9D477
Summertime,DJ Jazzy & The Fresh Prince,1991 Top 100,,273.32,B64C6A1D5DAC0487
We Taking Over,"DJ Khaled Feat. T.I., Akon, Rick Ross, Baby, Lil Wayne",,,268.20,5DA3AD516058D184
Latin Injection (Dj Cosmic Rebuild),Dj Silence,,,243.02,476770DDDA729C0F
Latin Injection (Cosmic vs. Asino Remix Hype Rebuild),Dj Silenco,,,337.55,B7AB533F5ACAB515
Turn Down For What Vs. Deez Nutz,DJ Snake,,,176.38,F73C2AC524F8C581
Turn Down For What Vs. Deez Nutz,DJ SNAKE ft LIL JON,,,176.38,5F4503FC9C277293
Electro House Bass (Original Mix),DJ Solovey,June 2009 - Best 150 Club & Party Music - DG-Lito!,,369.87,51B4722893CBD435
Catchin' Up,DJ Solovey,www.livingelectro.com,,321.31,506D472F122BB4CD
Dance Techno Rave Happy Hardcore Bonkers,"DJ Tiesto, Happy Hardcore, Better Off Alone Vs Zombie Nation",,,173.81,A94263F50C57BFCB
Party Rock Anthem 2011 ( Club Remix ),DJ Veleno,,,346.10,54854EF036C55923
Po Pimp,Do Or Die,,,234.84,9294545CAC4D89E4
Ghetto Jam,Domino,,,258.56,F762E2BF3D4F29D9
I Love You Always Forever,Donna Lewis,20 Ans RTL 2,,237.30,940C67CA5AF0A809
I Love You Always Forever,Donna Lewis,,,280.37,4AB8026D56DD4F00
Dre Day,Dr Dre And Snoop Doggy Dogg,,,292.10,E018BCFC1926703D
Keep Their Heads Ringin' (Friday Soundtrack),Dr. Dre,Billboard Hits - 1995 - Disk 4,,238.47,C955D7D50A38CC84
Ain't Nothin But A G-Thang,Dr. Dre & Snoop Doggy Dogg,,,273.42,DD6EF99B0E22CF20
Gangsta Lean,DRS,,,323.97,FC368E7F5E4DF6DA
In My Bed,Dru Hill,1997,,244.85,4247278C2A3FB5D7
Never Make A Promise,Dru Hill,1997,,328.91,5C4730D872506A56
Ring Me (Legran & Alex Rosco Remix),Duck Sauce,,,345.05,7746CBE3BA7860DF
Dazzey Dukes,Duice,,,244.66,813577353E4E5E3F
Barely Breathing,Duncan Sheik,,,255.03,EC117D31C2278E4A
Ordinary World,Duran Duran,,,340.11,A34268888DDD1030
Come Undone,Duran Duran,,,274.60,218DD4FFA5AFA34C
Maia (Original Mix) music-team.net,Dustycloud,,,282.91,AB708DFC8B3E8976
DVBBS - Raveheart (Original Mix)www.livingelectro.com,DVBBS,,,210.68,3B75E6A7C74BDA0C
DVBBS - White Clouds (Original,DVBBS,,,289.28,0781982D8B916852
DVBBS - White Clouds (Original,DVBBS,,,289.28,8AA8EC80189E7D6A
Raveheart (Original Mix),DVBBS,,,210.68,55500E4AD8FD70DA
White Clouds (Original,DVBBS,,,289.28,74556FC0C623E546
Immortal (Original Mix) www.livingelectro.com(1),DVBBS & Tony Junior,,,302.79,6EDD395349FBDA75
Electric Avenue (2001 Remix),Eddy Grant,,,526.71,18B5BDA3A1A89781
Candle In The Wind (Diana),Elton John,,,237.61,76190654BD7B595D
Something About The Way You Look Tonight,Elton John,,,308.69,F60120AD2AD39CCA
Can You Feel The Love Tonight (Roi Lion),Elton John,,,239.28,B5017018910B09E0
The One,Elton John,,,352.05,737B311196CA7C77
Believe,Elton John,,,282.02,98014378CE7C4156
Unbelievable,EMF,Living in the 90's -- Disk 1,,209.95,6DD03BEB8C821A5A
Lose Yourself,Eminem,,,326.79,3BCB76479D2240F2
Celebrate (Steve Aoki Remix),Empire of the Sun,URBANMUSiCDAiLY.NET,,270.05,0B42994173E15143
Hold On,En Vogue,Best Of,,304.67,DD1232720FF28240
Sadness,Enigma,1991 Top 100,,296.59,C1D56B9B1DAD8DFA
Return To Innocence,Enigma,,,250.38,D01B8B7176E3AEBA
Dirty Dancer (feat. Usher) (Hype Jones Club Mix),Enrique Iglesias,,,265.95,5D2BC7291D95D03E
Im A Freak (Cosmic vs. Cosmic Dawn Clean Remix),Enrique Iglesias feat. Pitbull,,,273.82,04319BBF72788DF1
Calabria (Dj Cosmic XTD 2),Enur feat. Natasja,,,230.19,13ED6519E060589F
Calabria (Dj Cosmic XTD),Enur feat. Natasja,,,230.22,6444BA3C299F0603
Calabria 2014 (Cosmic vs. Krunk Remix),Enur feat. Natasja,,,286.20,990BF3FB0D750039
My Lovin' (You're Never Gonna Get It),EnVogue,Funky Divas,,282.30,243A95435A0A5D07
"Give It Up, Turn It Loose",EnVogue,Funky Divas,,311.46,27BDBB5576C1ED3B
Free Your Mind,Envogue,Funky Divas,,292.41,2FB0DCB7932A4B3B
Giving Him Something He Can Feel,EnVogue,1992 Top 100,,238.26,5CF5E06011ED5A94
Don't Let Go (Love),EnVogue,,,291.03,098CC6437FD08A33
Always,Erasure,,,236.54,12A8113D5D23163E
I Don't Want Her - Trey Songz Remix (Intro - Dirty),Eric Bellinger ft. Trey Songz,,,204.33,0A684A4183E28745
Tears In Heaven,Eric Clapton,,,276.04,3021274984FFE8B7
Change The World,Eric Clapton,,,232.25,953B20551A5B5CCD
Miami Beach,Eric Tyrell & Roger Simon ft. Lana Gordon,Summer Session 11,,287.32,61306D0E76817088
I'll Be There,Escape Club,1991 Top 100,,288.42,E4790B740F6A2E06
Stay,Eternal,,,240.64,C2F6C6F4142982C2
I'll Never Get Over You,Expose,,,230.90,FD395046AD594DFF
Hole Hearted,Extreme,1991 Top 100,,219.48,8051A9752274E7F2
More Than Words,Extreme,,,334.08,76137E904612F61F
You Used To Love Me,Faith Evans,Billboard Hits - 1995 - Disk 5,,267.00,5E765A59A6E58748
Soon As I Get Home,Faith Evans,,,324.05,D7280634D16C33EA
Epic,Faith No More,,,294.03,2116E70541430E34
Eat Sleep Rave Ping Pong (Gregori Klosman Fusion),Fatboy Slim and Riva Starr,,,286.93,91DA082AFBC9560A
Fedde Le Grand & Patric La Funk - Take Me Home (Extended Mix) www.livingelectro.com,Fedde Le Grand & Patric La Funk,,,362.79,AB8E8853E30EAD48
Fedde Le Grand & Patric La Funk - Take Me Home (Extended Mix) www.livingelectro.com,Fedde Le Grand & Patric La Funk,,,362.79,D4DECF64123DE4E3
Babylon,"Fedo, Acmurri & Marchesini",Summer Session 11,,267.13,DCBA9A1DEA643E13
"Feenixpawl, Project 46, BYNON, Melissa Ramsay - Home  (Original Mix) www.livingelectro.com","Feenixpawl, Project 46, BYNON, Melissa Ramsay",,,341.58,6AC7CEE95C764D34
Halo Disposition (Hardwell on air shoot out),Felix Leiter Edit,,,220.40,D7BA4D8F2BE81F95
679 (Dean-E-G House Remix),Fetty Wap,,,393.38,1B7E14F22CBBC53B
Bazooka (Original Mix),Firebeatz,Bazooka,,240.09,20EA6BBF7C4B2919
Love Of A Lifetime,Firehouse,1991 Top 100,,287.24,BDA27360E07AB558
When I Look Into Your Eyes,Firehouse,1992 Top 100,,239.91,749DCC288C82D557
I Live My Life For You,Firehouse,,,264.20,AD7166F33152E6B8
Flaremode - Friday (Original Mix) [www.livingelectro.com],Flaremode,Saturday EP,,255.06,77AC643FF9678F46
Right Round (Danny Rush Remix),Flo Rida,artMkiss 2011,,317.57,1EDF71C76D50BEE5
I Cry,Flo Rida,Wild Ones,,224.63,F3077340C6EB3E4C
Right Round,Flo Rida,,,205.51,263DA385D5908F38
Flo Rida - Turn Around (M&S  &#39;For The Girls&#39; Extended Edit).-3,Flo Rida,,,346.41,CFEAD0E9B036E247
My House (125-100 Transition DJ Moneykey Edit),Flo Rida,,,214.02,7AADCE07E6C1899E
Low (Dj Cosmic XTD) 2,Flo-Rida feat. T-Pain & Dance-O-Die,,,243.49,76BDC0A84F4551EB
NightFalls,Forgotten Eden,Forgotten Eden,,219.98,3A0B0F7E62722EFF
December 1963 (Oh What A Night),Four Seasons,,,216.08,5F9525C675EB7B10
I'll Be,Foxy Brown & Jay Z,1997,,182.65,41B12FAAEFFD0ABB
MSV (Original Mix),Frank Caro & Alemany,MSV,,247.74,F77B39DECA4F5E3A
Blackout,Franky Rizardo & Roul and,,,387.79,0E0333096946B0B0
Elements (Original Mix),Franky Rizardo & Roul And Doors,,,423.50,70E87F30D36524AC
Da' Dip,Freak Nasty,1997,,237.14,C12812F0DFC0D86F
Boom Shake The Room,Fresh Prince,,,226.27,685A037279310044
La Fuente - Selecta (Original Mix) www.livingelectro.com,La Fuente,,,268.64,75416ACE17F35994
Dreams,Gabrielle,,,221.28,A5EC736A6DF1C246
Brand New King,Gage,"Singles Pack ""05/31/2014"" - [www.dancehallzone.net]",,150.02,6A3A80D0A47DE5DF
Runaway U & I (SoundMan Reconstruction Quick Hitter),Galantis,,,210.05,180CA5C9F0B858B8
I'll Take You There,General Public,,,245.05,99468BCE76B372DD
I Can't Dance,Genesis,,,238.00,82090B00FFC230BB
Hold On My Heart,Genesis,,,278.10,E5FC248669C585EB
No Son Of Mine,Genesis,,,399.20,6CF18DF7EEF646C9
Too Funky,George Michael,Red Hot + Dance,,337.16,15BE2EC4F35BDF50
Praying For Time,George Michael,1990 Top 100,,281.36,440A391A8D7A44C7
Fast Love,George Michael,,,324.18,69624FF51FFB54C0
Freedom 90,George Michael,,,390.90,F3DA102A6C84267F
Don't Let The Sun Go Down On Me,George Michael & Elton John,1992 Top 100,,347.51,4ED4290B05020E19
Rico Suave,Gerardo,Living in the 90's -- Disk 1,,251.61,2985135C100E138E
My Boo,Ghost Town DJ's,,,346.91,5C56586F5082D294
Follow You Down,Gin Blossoms,,,264.70,437CEDDD692EDC87
Till I Hear It From You,Gin Blossoms,,,227.24,FF33ABB2CAC9966A
Found Out About You,Gin Blossoms,,,232.75,58FD8B364EAAF50E
Hey Jealousy,Gin Blossoms,,,236.64,7AB34573E479BC15
Ooh Aah ... Just A Little Bit,Gina G,,,200.38,BF432F342CA161A3
She Ain't Worth It,Glenn Medeiros & Bobby Brown,,,212.66,A885B2AFB3FB1A91
Turn The Beat Around (The Specialist),Gloria Estefan,Billboard Hits - 1995 - Disk 5,,232.88,DC061609C3DDB379
Coming Out Of The Dark,Gloria Estefan,1991 Top 100,,244.98,B48AF14F9338414F
Here We Are,Gloria Estefan,,,290.30,C91D9F21440C353B
King Of Wishful Thinking,Go West,Pretty Woman,,243.62,FC6C81AC1238476B
Faithful,Go West,1993 Top 100,,256.55,D5BD9705E515BDC8
Name,Goo Goo Dolls,,,270.16,0AB818CF1244CB00
I Just Wanna Live,Good Charlotte,,,166.43,D19490E512A49F64
Somebody That I Used To Know,Goyte feat. Kimbra,,,243.96,AF0B2A90C423F9AC
Three Little Pigs,Green Jelly,,,355.92,8B25B8E57CEBEA77
Get Sexy (English),Greg Parys,,,193.12,3ECA702C2E909BCF
Why Don't We Just Fuck,Greg Parys,,,318.56,9028008FFBE5D8CE
Tell Me,Groove Theory,Billboard Hits - 1995 - Disk 4,,236.77,4FA2400AC153B69B
Tell Me,Groove Theory,,,236.77,149AF390A7A2732F
November Rain,Guns 'N Roses,,,536.06,495DC4CB28EC1445
Sweet Child O' Mine,Guns N' Roses,Appetite For Destruction,,299.10,F1BBB56EEEEA3B2A
Knockin' Da Boots,H-Town,,,330.03,79EF37C10DDFF322
MmmBop,Hanson,,,240.93,14F3AEB0107FDD12
Spaceman Rocket (Kideo Vocal Reboot),Hardwell,,,322.91,A792233A2FC6B198
The Dance Floor Is Yours (Original Mix),Hardwell & W&W,,,260.41,00C465B211A46B8B
Get Down,Hardwell & W&W,,,221.34,DC0A855B9CCDD850
Get Get (Original Mix),Harry Romero,,,387.73,92BC83776566781A
Dharma (Crossnaders Remix),Headhunterz & KSHMR,,,223.35,DAA2948601A6CB35
All I Wanna Do Is Make Love To You,Heart,1990 Top 100,,310.91,0994F457C0EC514F
Now That We've Found Love,Heavy D & The Boyz,1991 Top 100,,255.92,0E282CD51C666293
Got Me Waiting,Heavy D And The Boyz,,,271.54,2D5F2246732F180D
Bop Gun,Heavy D And The Boyz,,,290.04,DFBD96D23350FD5B
Ass Up (Original Mix) www.livingelectro.com,Henry Fong x SCNDL,,,198.82,0A90B4E8E5670DB3
I Like The Way (The Kissing Game),Hi-Five,,,347.87,6232E9DAE472E042
She's Playing Hard To Get,Hi-Five,,,275.02,E8225C9DC5F4286B
I Can't Wait Another Minute,Hi-Five,,,300.67,5C3F504C3DC5BC83
Only Wanna Be With You,Hootie & The Blowfish,,,228.00,C5938B46636E17D1
Hold My Hand,Hootie And The Blowfish,,,255.37,2A250CA3BDE8B51F
Let Her Cry,Hootie And The Blowfish,,,307.90,E4EA6399EE666A69
Only Wanna Be With You,Hootie And The Blowfish,,,226.85,9E42B21D7F9331A0
Time,Hootie And The Blowfish,,,289.25,CC9F4F54A60BBC34
Old Man And Me,Hootie And The Blowfish,,,261.59,73AA6E54EC2DD3EA
Open Your Mind (Dj Cosmic XTD Edit),Human Machine feat. Sweety I,,,287.29,185439FBC461DCD5
Check Yo Self,Ice Cube And DAS EFX,1993 Top 100,,273.21,7C03E7A285E9029F
Fancy (Moneykey Intro 8Bars XTD),Iggy Azalea Ft. Charli XCX,,,186.20,562008B513A17FBF
Constantly,Immature,Billboard Hits - 1995 - Disk 5,,343.17,6ACB29580063E3DC
Never Lie,Immature,,,253.23,6FE52224122A2956
Here Comes The Hotstepper,Ini Kamoze,,,252.29,A71F7094EC6C21F9
Here Comes The Hotstepper,Ini Kamoze,,,252.29,653B97AC9131B265
Sweat (A La La La La Long),Inner Circle,,,226.66,2AF6810AA65B835D
Disappear,INXS,,,247.04,29F8D30394BE19F4
I Wanna Love You,Jade,1992 Top 100,,271.39,84275336989123F3
Don't Walk Away,Jade,,,247.25,8DEF780304CAF5F4
Every Day Of The Week,Jade,,,315.58,64169B5C977B6EB9
One Woman,Jade,,,287.61,12890A5D841BC479
Lighthouse (Original Mix) www.livingelectro.com,"JAKKO, Steerner vs Klauss & Turino ft Paul Aiden",,,328.20,6C33C1CEA8336881
I Don't Have The Heart,James Ingram,,,240.01,4C20DB8F82874B14
Hold On,Jamie Walters,,,239.93,0E80E7688FD954C5
Don't Wanna Fall In Love,Jane Child,,,244.69,C9712023676CD1AA
That's The Way Love Goes,Janet Jackson,Janet,,265.12,32033EB4B38C11F0
Again,Janet Jackson,Janet,,227.13,FCEE2EE088EC02C7
If (Remix),Janet Jackson,Janet,,335.73,DAB33261603735A6
"Any Time, Any Place",Janet Jackson,Janet,,428.23,1EA79529A9ED4796
Because Of Love,Janet Jackson,Janet,,260.91,FB25EB4F92C83A22
Again,Janet Jackson,Janet,,227.13,F5CCABA77BEEF37B
Love Will Never Do (Without You),Janet Jackson,Rhythm Nation,,275.33,20954905D099526F
Rhythm Nation,Janet Jackson,Rhythm Nation,,330.95,256FD1940E6DDCB0
Black Cat,Janet Jackson,Rhythm Nation,,290.59,47C52522014D3FF9
Alright,Janet Jackson,1990 Top 100,,388.65,4E5FE68D95FF8CC9
Come Back To Me,Janet Jackson,1990 Top 100,,332.77,D12902DB5850B8A6
Runaway,Janet Jackson,,,214.05,17AB27B94FC4FE4B
And On And On,Janet Jackson,,,277.73,F681C03F666219AA
You Want This,Janet Jackson,,,305.74,69386B5E989FD517
70's Love Groove,Janet Jackson,,,347.45,D7FC9479A4830888
Runaway,Janet Jackson,,,214.78,C14F7F069B60800E
Escapade,Janet Jackson,,,285.96,7131A2D223ECE044
Insensitive,Jann Arden,,,255.79,5CC8C81C8A06A595
Talk Dirty (Dj Cosmic Rebuild),Jason Derulo feat. Mr. Vegas,,,210.86,1EE1EB1E4B32F60D
Caliente (DJ Moneykey Edit),Jay Santos,,,209.14,609346CFA58FC1AF
Empire State of Mind,Jay-Z ft. Alicia Keys,The Blueprint 3,,276.98,BEF1D9939EAB54A3
The Right Kind Of Love,Jeremy Jordan,,,287.87,C843B0BF3C8E07F2
"Real, Real, Real",Jesus Jones,Doubt,,188.79,A5BB57C04AB70887
"Right Here, Right Now",Jesus Jones,1991 Top 100,,189.54,77F5982AEAD0247C
Foolish Games,Jewel,Pieces of You,,340.69,4D7B55C6441170C3
You Were Meant For Me,Jewel,Pieces of You,,254.07,64DCC4D99056C1D1
Who Will Save Your Soul,Jewel,,,236.62,7AFB72D331633EE2
Parade 98 (Original Mix),Jewelz & Sparks,,,240.64,F8757D841E934AB0
I Can See Clearly Now,Jimmy Cliff,,,166.32,D261D30225C672FA
Swing The Mood,Jive Bunny And The Mastermixers,1990 Top 100,,285.88,352EA2588F584D95
We Are The Future,Joachim Garraud ft. Poet Name Life,Summer Session 11,,273.95,1B7715594A1CB074
One Of Us,Joan Osborne,,,317.65,F0330A3365A1A296
Freakin' You,Jodeci,Billboard Hits - 1995 - Disk 4,,315.79,06344D257643761A
Lately,Jodeci,,,308.74,75AFE35E08285FA2
Come And Talk To Me,Jodeci,,,275.90,C08C9AFCDEC5A40C
Cry For You,Jodeci,,,224.24,4FEC8375B9860210
Everything,Jody Watley,1990 Top 100,,254.80,9E5C227E495D286A
All The Things (Your Man Won't Do),Joe,,,380.00,252A80A07A22FB89
Live And Learn,Joe Public,1992 Top 100,,260.20,07EEDBD7057B2E29
Nothin' My Love Can't Fix,Joey Lawrence,,,243.36,45A7E4C2E9272803
Key West Intermezzo,John Mellencamp,,,294.95,53058BD0CBE7284F
Wild Night,John Mellencamp & Me'Shell Ndegeocello,,,207.65,79DDB910D5ACDA20
Rub You The Right Way,Johnny Gill,,,255.92,5D983E18D371135D
Someone To Love,Jon B Featuring Babyface,,,270.50,7BE1D40F988BEB30
Just Another Day,Jon Secada,,,327.34,657333B69544F2E8
If You Go,Jon Secada,,,273.95,C7B0FF041B3E2197
Do You Believe In Us,Jon Secada,,,239.52,D3ED4446F836953D
Angel,Jon Secada,,,274.94,4D35ECB8268C12A4
Beautiful In My Eyes,Joshua Kadison,,,249.36,2D515163F4A47C4F
When You Love A Woman,Journey,,,235.05,F078F5C7A7AD9F87
Don't Stop Believin' (MYNGA Remix),Journey,MYNGA Free Downloads,,326.14,A875D4DAF78D8EB2
JOYRYDE  NIGHT OWL RADIO,JOYRYDE,,,1689.65,098B6361A19C7F06
Bailando Por El Mundo (Dj Cosmic Club Mix),Juan Magan Feat. Pitbull & El Cata,,,243.62,02CD18092DDEF53C
Mafia Player's Anthem,Junior,Billboard Hits - 1995 - Disk 5,,304.64,7E96B84EA6AFC003
Get Money,Junior M.A.F.I.A,,,237.66,C6DA38F83E9C46DF
Embarque ma belle,Kain,,,226.90,B9DE4685DFAED3F9
Crunk (Afrojack Edit) www.livingelectro.com,Karim Mika & Daniel Forster -,,,305.48,82D94E6A6B463461
Romantic,Karyn White,Living in the 90's -- Disk 1,,247.12,36B48E9CE14D50BF
The Way I Feel About You,Karyn White,,,273.84,35A6DD30D6E4198A
Kaskade Ralvero & Alvita - Supa Woofa Empire (Alex Rosales Edit),Kaskade Ralvero & Alvita,,,266.27,9BF0D9F7B84EE47E
Everything Changes,Kathy Troccoli,,,262.06,0513F31B53F55684
California Gurls,Katy Perry Ft. Snoop Dogg,California Gurls,,241.97,032F6EFE18ABBD01
Your Love Is My Drug,Ke$ha,,,190.75,5D44A7B4F9EB4612
Blah Blah Blah,Ke$ha ft. 3OH!3,Animal,,171.49,487C7CFC9FAD2B33
J'aimerais Trop (Dj Cosmic Rebuild),Keen V & Willy William,,,345.65,64657ABE213F5D9C
Make You Sweat,Keith Sweat,1990 Top 100,,318.98,CFB4F25094017AB2
I'll Give All My Love To You,Keith Sweat,1991 Top 100,,339.10,A91F08DA7B847309
Twisted,Keith Sweat,,,251.66,48D0365FCA4E78FC
Nobody,Keith Sweat,,,254.04,F77079F455F64C12
Keep It Comin',Keith Sweat,,,275.72,7F2658FB3916C65F
Nobody,Keith Sweat Featuring Athena Cage,,,251.85,83B042F40CC48D54
Forever In Love,Kenny G,,,296.88,74826AB001912183
Drageløperen [Disc 06]: Track 24,Khaled Hosseini,Drageløperen,,3007.16,85EAD3E729B6BA83
I'M NOT RICH (Willy William Remix),THE KING'S SON ft. BLACKO,,,347.27,7CCCF9D350D14B07
Forever,Kiss,1990 Top 100,,231.60,509AD2D9DB14CEAB
Freak (Dj Cosmic Remix),Klaas feat. Estelle,,,335.67,38E23D2308EDC944
3 Am Eternal,KLF,1991 Top 100,,194.93,8EC2EEE85DED7C6E
Justified And Ancient,KLF & Tammy Wynette,Living in the 90'S - Disk 2,,330.37,51A8691CB6D49E41
Knife Party - Begin Again (Original Mix) www.livingelectro.com,Knife Party,,,356.02,0C4091BC8E4898F9
Knife Party – Boss Mode www.livingelectro.com,Knife Party,,,226.79,4097D0169D9CCAC0
Konshens - Gal a Bubble (Major Lazer x Bro Safari x ETC!ETC! Remix),Konshens (Major Lazer x Bro Safari x ETC!ETC!),,,163.71,781C0374FC999198
Pull Up To Mi Bumper (Willy William Rework),Konshens & J Capri,,,201.20,84905A7EAE8A8031
Tonit's Tha Night (Remix),Kris Kross,,,198.53,D61E49075A1FEC68
Warm It Up,Kris Kross,,,248.16,1DF3D0DDE5273CD1
Alright,Kris Kross And Super Cat,1993 Top 100,,245.71,953409B6D5700EB9
Jump,Kriss Kross,,,197.33,8D7F5947034BD586
Leviathan (Original Mix) www.livingelectro.com,KSHMR,,,262.56,D33BCB6A04300EEB
Please Don't Go,KWS,,,371.64,069C1CAF3E39663C
Tic-Tac-Toe,Kyper,1990 Top 100,,380.08,E91F552EDF41FD09
Y'as Tu D'la Bière Icitte (1975),La Famille Soucy,,,147.70,128C94388EF066C3
Selecta (Original Mix),La Fuente,,,268.64,58C443F7721187FB
Nuff Gyal,Laden,"Singles Pack ""05/31/2014"" - [www.dancehallzone.net]",,212.17,9EA540977D80A4B7
Bad Romance,Lady GaGa,The Fame,,296.54,A5ABA9F8785A13C4
Just Dance (Dj Cosmic Remix),Lady Gaga,,,268.36,6B01E998C7EE2D16
Enter Telephone (Djs From Mars Club Remix),Lady Gaga ft Beyonce vs Metallica,www.djblaze.fw.hu,,326.19,95E1763FD5DB45EE
Go (Original Mix),Laidback Luke & Uberjakd,,,287.89,B4B6A62F0C7A5011
Summertime Sadness (Cedric Gervais SoundMan Quick Hitter),Lana Del Rey,,,312.58,D2718F3C78686CD8
Summertime Sadness (Kings Remix),Lana Del Rey,Kings Remixes,,217.99,072A44C313B58C94
Mission Impossible (Movie Theme SoundTrack),Larry Mullen & Adam Clayton,Jarretiere,,206.97,94914057117DA27F
Hey Hey Hey,Laurent Wery ft. Swiftkid,Summer Session 11,,219.56,F8C585838D48EAF0
How Do I Live,LeAnn Rimes,,,264.88,4530163E112915A7
It Ain't Over 'Til It's Over,Lenny Kravitz,1991 Top 100,,242.68,C2F3E7465A0431CE
Put Your Fucking Hands Up (Sample),Lil Jon,,,21.42,1E054D4879BB85A7
Turn down for what (DJ M1 REMIX),Lil Jon,,,225.07,945DF9BC79DF5B2C
Turn Down For What (Remix),Lil Jon Feat. DJ Snake vs Pitbull & Ludacris,Soundvor.ru,,192.63,47F20A644CDD8EFC
Old Town Road Remix (Intro),Lil Nas X ft. Billy Ray Cyrus,,,211.83,7D5235B8B3D01543
Not Tonight,Lil' Kim,,,266.81,05A6E707B3E769D1
Don't Know Much,Linda Ronstadt & Aaron Neville,,,213.84,927F45DE460F51D2
Sending All My Love,Linear,,,288.00,398C1EC644B1E279
Stay,Lisa Loeb & Nine Stories,Reality Bites,,183.46,5DE915A9039FE2EF
All Around The World,Lisa Stansfield,,,266.53,155D6A7366A366EC
BEST Of ELECTRO 2010 VOL.2 (Mixed by FAST FOOT INC.),LIVINGELECTRO,www.livingelectro.com,,8063.56,BDEDE05C31A45FD8
Around The Way Girl,LL Cool J,1991 Top 100,,242.05,AD1B33C9A3F5CE1B
Hey Lover,LL Cool J,,,283.95,21FBF9518514D28A
Loungin',LL Cool J,,,252.05,C4EADE0FA62248A1
Doin' It,LL Cool J,,,294.24,B0ED42530109B8F6
I've Been Thinking About You,Londonbeat,1991 Top 100,,231.26,551BC35B9E803C7C
When Will The Bass Drop (Original Mix) www.livingelectro.com,Lonely Island feat Lil Jon & Sam F,,,261.04,CBEE7111167EC260
Lorde - Yellow Flicker Beat (2nd Room Remix),Lorde,,,324.52,68F91DA2875061BE
Yellow Flicker Beat (2nd Room Remix),Lorde,,,324.52,C9FA09F0EAB25C86
Yellow FLicker Beat (2nd Room Remix) (Dj Moneykey Edit),Lorde,,,288.63,DA0B1A39203A04D2
Macarena(Bayside Boys Mix),Los Del Rio,,,224.86,0F67C0F4BDDF78F4
Macarena(Ariola),Los Del Rio,,,234.06,F8D385724DE7ED6F
Macarena - Billy The Kit Remix,Los Del Rio,,,214.91,4694D74420CDC088
Are you with me (DJ Moneykey Remix),Lost Frequencies,,,324.20,BC602333405C70BA
Just Between You And Me,Lou Gramm,1990 Top 100,,293.07,B4DD4B9241DDF630
Love No More,Loud Luxury & anders,,,246.60,0B6AA63341D8C882
Hoopty (QC Version),Ludakid feat. Dynasty &Dj-Cosmic,,,156.66,575B585F8FC54744
I Got 5 On It,Luniz,Billboard Hits - 1995 - Disk 2,,257.31,B5B77A8000FB3CAF
Here And Now,Luther Vandross,1990 Top 100,,321.04,E5042D6701715C9B
Power Of Love/Love Power,Luther Vandross,1991 Top 100,,256.10,97CC8F01289D055C
The Best Things In Life Are Free,Luther Vandross & Janet Jackson,,,276.04,093AE2868A12F9B0
Endless Love,Luther Vandross And Mariah Carey,,,258.72,2993FFF57D1BA49C
Wining Season (Dj Cosmic XTD),Machel Montano feat. Shaggy,,,278.15,D4C864F73CCEAFBC
Don't Worry (Dj SoundMan Quick Hitter),Madcon Ft. Ray Dalton,,,225.20,D76DF835C4EC052F
Take A Bow,Madonna,Bedtime Stories,,321.75,100B507512EF2140
Secret,Madonna,Bedtime Stories,,304.95,B1F5F3446A69DBCF
Secret,Madonna,Billboard Hits - 1995 - Disk 4,,303.96,80D5CDD0DD7BFA85
Deeper And Deeper,Madonna,Erotica,,333.48,077DD52AAF1C7F47
Rain,Madonna,Erotica,,324.75,362B357479A25E7C
Justify My Love,Madonna,Immaculate Collection,,300.85,43C016BE5E2EC85E
I'll Remember,Madonna,Something to Remember,,263.86,F38147567AFD9022
Vogue,Madonna,1990 Top 100,,318.93,CF1284E3C021560C
This Used To Be My Playground,Madonna,1992 Top 100,,310.39,40D0E54A0FAA6A30
You'll See,Madonna,,,280.37,C6FD491A961D67C4
Premier Gaou (Dj Cosmic Remix),Magic System,,,292.57,1DF3ACD0C79CAF97
Up Jumps Da Boogie,Magoo & Timberland,1997,,293.20,4AA1DE4781329B47
"Watch Out For This (Dimitri Vegas & Like Mike ""Tomorrowland"" Remix)",Major Lazer,URBANMUSiCDAiLY.NET,,301.32,94261EA641A72333
Come To Me (Willy William Edit),Major Lazer feat. Sean Paul,,,246.60,5589908D0D9458B3
Party Till We Die - DJ Primetyme Club Edit,MAKJ & Timmy Trumpet ft. Andrew W.K.,,,175.80,AF53A60E6FB8083E
Vision Of Love,Mariah Carey,1990 Top 100,,210.96,58AA8105D648EB05
Someday,Mariah Carey,1991 Top 100,,248.14,0535A98432D77086
Love Takes Time,Mariah Carey,1991 Top 100,,229.46,685239FAE44203A5
Can't Let Go,Mariah Carey,1992 Top 100,,267.68,1F5CF5FBAB137446
One Sweet Day,Mariah Carey,,,279.98,4BB17C7383ECB881
Always Be My Baby,Mariah Carey,,,253.60,D4CD2BCEB11801CD
Hero,Mariah Carey,,,259.68,3B58DBDB7359C13A
Fantasy,Mariah Carey,,,290.38,C33863F5660CF655
Dream Lover,Mariah Carey,,,234.37,F8F2E69BE3440BA8
I'll Be There,Mariah Carey,,,265.25,25FC27E629F37674
Never Forget You,Mariah Carey,,,226.14,7E018CA14AB12FC0
Without You,Mariah Carey,,,214.60,FC6B41551581130E
Emotions,Mariah Carey,,,251.22,83B3888469CEE7F4
I Don't Wanna Cry,Mariah Carey,,,288.94,6D4EE637BCE78081
Honey,Mariah Carey,,,299.68,76D72B33019BC4DB
Make It Happen,Mariah Carey,,,308.01,6467ACD76BB889EE
Anytime You Need A Friend,Mariah Carey,,,266.32,0B4A0521AEEEA6B6
Fantasy,Mariah Carey,,,243.54,09E7F3A51933A788
Love Takes Time,Mariah Carey,,,229.46,957A21B5F336464E
Return Of The Mack,Mark Morrison,,,213.37,4CE732348D184A05
Uptown Funk JNR V Bombs Away - CLX Remix,Mark Ronson ft Bruno Mars,,,247.22,B36DF8B1C7286843
Good Vibrations,Marky Mark & The Funky Bunch,Living in the 90's -- Disk 1,,271.33,96A2617B20D87A5F
Wildside,Marky Mark And The Funky Bunch,,,307.04,A905A71B499C4138
Now That I've Found You,Martin Garrix feat. John & Michel,,,192.68,A0311C957AAB7A23
In The House Of Stone And Light,Martin Page,,,300.80,D133C4A2A0BE171A
Love Is In The Air 1978,Martin Stevens,,,430.45,17DB4637FBDD1D26
Real Love,Mary J Blige,What's the 411 ?,,272.72,F956756AE4E15C04
Real Love,Mary J Blige,1992 Top 100,,272.72,547E41C833B987DC
Not Gon' Cry,Mary J Blige,,,296.41,8A3F484D304A1940
Catch & Release (Deepend Remix),Matt Simons,ClapCrate.com,,199.00,8D7BD2A90E5AD5FF
Miss Fatty Riddim,Max Wallin',,,197.59,44224E7242F1884E
Close To You,Maxi Priest,,,329.95,A08EC2D54E074A27
That Girl,Maxi Priest Shaggy,,,236.23,09F81975F99F09C1
Have You Seen Her,MC Hammer,1990 Top 100,,282.80,DEDC36D2ACFDE02B
U Can't Touch This,MC Hammer,1990 Top 100,,255.55,E95E5DBAA2F33CBB
Addams Groove,MC Hammer,,,237.06,A228A6F5C7C39506
Cold Rock A Party,MC Lyte,1997,,215.33,0EFC68B3127BC431
"Keep On, Keepin' On",MC Lyte & Xscape,,,267.94,AA67C381E9F6C4F6
I Would Do Anything For Love (But I Won't Do That),Meat Loaf,,,314.04,C8647F0D0BBAE58A
I Would Do Anything For Love (But I Won't Do That),Meat Loaf,,,314.04,7D27A4666F3A1CEF
Rock And Roll Dreams Come Through,Meat Loaf,,,349.54,97CFC5A3DEFFA708
Come To My Window,Melissa Etheridge,,,237.51,0AD3AEFE17A55AC5
I'm The Only One,Melissa Etheridge,,,294.01,EA5F7DABCC4CBA9A
I Want To Come Over,Melissa Etheridge,,,324.67,2779A394DFC691F2
If I Wanted To,Melissa Etheridge,,,234.81,023ABB85CC7DDC62
Like The Way I Do,Melissa Etheridge,,,325.72,ADD85DB11A2B1A51
I'm The Only One,Melissa Etheridge,,,294.01,0FF3E64948ECFA36
Mentirosa,Mellow Man Ace,1990 Top 100,,258.74,4E85644182ECD4D7
Bitch,Merridith Brooks,,,252.24,ECF67C8BD746638E
Mouth,Merril Bainbridge,,,205.61,775DA5DB4252E524
Mouth,Merril Bainbridge,,,205.01,99BE57A33F79CF4D
Enter Sandman (Remastered),Metallica,Metallica (Remastered Deluxe Box Set),,331.62,9B0F6D4AB4DCBD79
Nothing Else Matters (Remastered),Metallica,Metallica (Remastered Deluxe Box Set),,388.81,5B7C775EA2D2D6E6
Until It Sleeps,Metallica,,,275.36,9167C8CDF36FDEFB
I'll Be There For You,Method Man,,,195.97,7F82D00A8497BF4C
You're All I Need To Get By,Method Man & Mary J Blige,Billboard Hits - 1995 - Disk 4,,306.36,191257C3773E1F6A
How Am I Supposed To Live Without You,Michael Bolton,1990 Top 100,,256.63,E64E16938A2CC4DC
How Can We Be Lovers,Michael Bolton,1990 Top 100,,237.24,20ECF1B066CB12DF
When I'm Back On My Feet Again,Michael Bolton,1990 Top 100,,230.01,7D7897932AF0FD93
Love Is A Wonderful Thing,Michael Bolton,1991 Top 100,,283.53,18EA12531B9A09FA
"Time, Love And Tenderness",Michael Bolton,1991 Top 100,,258.51,7A6518D7077C1E74
To Love Somebody,Michael Bolton,1993 Top 100,,247.35,8BB6A07E08992956
Said I Loved You . . . But I Lied,Michael Bolton,,,299.86,15DD6B5CDFBC0A95
When A Man Loves A Woman,Michael Bolton,,,231.84,CC62B9252765BE80
Missing You Now,Michael Bolton,,,264.46,E41A56A0E9CAC1C8
Black Or White,Michael Jackson,,,198.58,01E62B256A870706
Remember The Time,Michael Jackson,,,239.91,BC49A72EA2CF011F
You Are Not Alone,Michael Jackson,,,344.11,E0D3E2DCC6A50C47
Will You Be There,Michael Jackson,,,353.93,0EA46D16029EF6FC
In The Closet,Michael Jackson,,,392.15,D51B8321D9EE6B60
Scream Childhood (Free Willy 2),Michael Jackson & Janet Jackson,Billboard Hits - 1995 - Disk 4,,277.97,ED6DCB2134D13574
Place In This World,Michael W Smith,1991 Top 100,,239.31,A210F881BA6A326D
J'Entend Frapper (Martell Edit),Michel Pagliaro x Florian Picasso,,,153.21,87659816E32809F4
Ai Si Eu Te Pego,Michel Teló,Ao Vivo,,165.15,57C87FFE28BA2220
Ai Se Eu Te Pego (Dj Cosmic XTD),Michel Telo feat. Pitbull,,,193.65,D8467BF6F83E83DA
No More Lies,Michel'le,1990 Top 100,,222.30,A7D399BA506B4EE0
Blame It On The Rain,Milli Vanilli,1990 Top 100,,259.03,689D8C4AB30FFF66
All Or Nothing,Milli Vanilli,,,197.04,6A8633D6230BACE9
Breakin' My Heart (Pretty Brown Eyes),Mint Condition,,,357.07,D48FE162B1D33D69
Where You Wanna Go,Mischa Daniels ft. J-Son,Summer Session 11,,258.35,0DBA32B14769C729
Private Island (Dj Cosmic XTD),Mohtorious feat. Jayvado,,,221.96,BA1F17764C181531
He's Mine,Mokenstef,Billboard Hits - 1995 - Disk 4,,254.67,1950A1D2E64ABC07
Like This And Like That,Monica,Miss Thang,,283.30,26F0E90C82B68DEA
Why I Love You So Much,Monica,Miss Thang,,309.55,D2DE4CB7199C1B7F
Don't Take It Personal (Just One Of Dem Days),Monica,,,259.00,84B29FD28B677936
For You I Will,Monica,,,295.03,55D47E6366BA3945
Before You Walk Out Of My Life,Monica,,,294.92,3FB778E7DC7DEA7C
Ain't Nobody,Monica,,,286.85,6D02437E3980395A
This Is How We Do It,Montell Jordan,,,234.11,527243D95B030C1E
Without You,Motley Crue,1990 Top 100,,269.04,B27E1117A3A26FF2
To Be with You,Mr Big,Living in the 90'S - Disk 2,,201.12,CBB388B0EAEDF596
Just Take My Heart,Mr Big,,,263.55,774ADFE963572885
Finally,Mr. Belt & Wezol,,,200.28,7CCE342155D173C5
Nuh Fight Over Man (Dj Cosmic XTD),Mr. Vegas,,,249.63,1BC68579C6A80077
My Jam (feat. Pitbull)  (Single Version),Mr. Vegas,,,218.46,C9A0C5C86D8FEEB9
Tek Weh Yuh Self (Dj Cosmic XTD),Mr. Vegas feat. Lil Kim,,,190.98,26DC7A85DE95F01B
Party Tun Up (Persona De Magistris Remix) COSMIC CLUB MIX,Mr. Vegas feat. Sean Paul & Fatman Scoop,,,241.48,8C1D53A3056842ED
I Miss You,N II U,Billboard Hits - 1995 - Disk 6,,320.42,AA5FD0DD1BC5CA4E
Back To The Hotel,N2Deep,,,266.84,EE9DF94987A7FA0A
Automatic,Nari & Milani Present Pretty Pretty and Malik,Summer Session 11,,299.39,491C69B87C0B7D47
Wonder,Natalie Merchant,,,264.67,4E9CF1CA645C1C9D
Carnival,Natalie Merchant,,,359.31,CD0FB1458806EEEB
Jealousy,Natalie Merchant,,,161.51,40672B65155E7540
Do Anything,Natural Selection And Niki Harris,1991 Top 100,,237.09,C37B7B5468204B84
Hip Hop Hooray,Naughty By Nature,,,264.86,07AA799BDC414A10
Love And Affection,Nelson,After The Rain,,236.54,E5794D3C5EA76BD8
After The Rain,Nelson,1991 Top 100,,245.47,5E89039AFED23593
I'm Still In Love With You,New Edition,,,279.59,5D79C0B68445EE0B
Hit Me Off,New Edition,,,263.11,28F37523493D12EE
This One's For The Children,New Kids On The Block,1990 Top 100,,228.99,0229AB94D7577BB5
Step By Step,New Kids On The Block,,,267.55,A78700EB97BB6351
Fuck her right in the pussy!,News Interruption -,,,1.33,7C82F1C5AA6DCE36
Truffle-Butter (Instrumental),Nicki Minaj Ft. Drake & Lil-Wayne,,,219.36,5F889DD13515A020
Truffle Butter,Nicky,,,193.31,F11FD71DCE07C955
Total Eclipse Of The Heart,Nikki French,,,229.77,3584991649A4CFD6
Just A Girl,No Doubt,,,207.72,A1F3664CB49C07FE
Where Do You Go,No Mercy,,,272.14,B829E527B7D94385
Where Do You Go,No Mercy,,,258.43,638CAF052E6CE941
On jase de toi,Noir Silence,,,180.00,D9FE12982A4EB665
"Mo Money, Mo Problems",Notorious B.I.G. Featuring Puff Daddy & Mase,,,257.33,62C36ECB2D66F6F9
Rave With Coco (Mazza Mashup),O.T. Genesis Vs Mike Candys Vs  W&W,,,325.48,36FDFC902A4007D2
Wonderwall,Oasis,,,254.43,C309224E07862C30
Trouble (Club Mix),OFFAIAH,,,442.02,9AF993B3CE9EBBE2
Get Here,Oleta Adams,1991 Top 100,,276.77,BA0DFD3E60222E1F
Melody Vs. No Beef (DJ Moneykey Edit),Oliver Heldens Vs. Afrojack & Steve Aoki,,,289.64,954E2E5BF2EAD7EB
Slam,Onyx,,,218.49,E522D3AEADFB47A7
Donald Trumpet (Original Mix),Orkestrated,,,362.92,69E019F9F137CB1F
Million Voices Apologize (SoundMan Quick Hitter),Otto Knows,,,205.63,F1F396D144E31C0F
Elevators (Me & You),Outkast,,,265.22,46EE615D331DBFB0
Where Are You 2016 (Dj Cosmic Remix),Paffendord,,,247.64,90889683609F6227
Ditty,Paperboy,,,241.03,8DF22DCA205675B7
Get Back (Original Mix),"Paris & Simo, Rico & Miella",drunkenbeat.net,,309.03,22EDAF7EE1D1A967
"Paris & Simo, Rico & Miella - Get Back (Original Mix) (drunkenbeat.net)","Paris & Simo, Rico & Miella",drunkenbeat.net,,309.03,FE8DC534AF653C41
Sometimes Love Just Ain't  Enough,Patti Smyth And Don Henley,1992 Top 100,,264.05,E303DE1B36307FE6
Oh Girl,Paul Young,1990 Top 100,,213.89,92C0E9BFBE00E67C
Opposites Attract,Paula Abdul,1990 Top 100,,265.38,EA2701E6FCC56B5C
The Way That You Love Me,Paula Abdul,1990 Top 100,,323.16,4864352A3C888E3C
Rush Rush,Paula Abdul,,,292.94,367A3CBE4486B222
The Promise Of A New Day,Paula Abdul,,,272.27,DE122A2E407A27DD
Blowing Kisses In The Wind,Paula Abdul,,,281.86,90D6A0A5800CB020
Where Have All The Cowboys Gone,Paula Cole,,,266.66,03F9A92B71157102
A Whole New World (Aladin),Peabo Bryson And Regina Belle,,,245.60,4C5D24F0D7DB812E
Passe Moi La Puck (Martell Edit),Peakafeller x Les Colocs x Karim Mika & Ralvero,,,244.77,AD245EEE37A5EC5C
I Got It,Pearl Jam,,,291.71,0041D316D867AC56
Long Road,Pearl Jam,,,253.94,EBCE09CD7B547BE0
Giving You The Benefit,Pebbles,,,340.82,4CDE495AC58A4E9F
Do You Remember (Live),Phil Collins,1990 Top 100,,340.38,B9488935CC67AC10
I Wish It Would Rain Down,Phil Collins,1990 Top 100,,327.03,AF0DAE0B63A7DC92
Something Happened On The Way To Heaven (Live),Phil Collins,1990 Top 100,,299.18,CF2BBE698C833F38
Everyday,Phil Collins,,,332.96,F61AABA404210BBF
PPAP Pen Pineappel Appel Pen (Kahikko Remix),Pikotaro,,,162.43,7C2DC2B6660336FE
Timber,Pit Bull feat. Kesha,,,270.05,2672791C50E74ED7
3 To Tango - DJcity Hype Edit (Dirty),Pitbull,,,249.99,520F504FE06C0D16
Fun (feat. Chris Brown)  (Jump Smokers Remix ),Pitbull,,,230.48,CA37E6A6365E70AE
Dark Horse (Remix),Pitbull feat. Katy Perry & Juicy J,,,230.22,2122EF6FE5E666B0
Go Girl  (Dj Cosmic XTD),Pitbull feat. Trina & Young Boss,,,241.68,EF0990874B74EF3B
Set You Free Cage (Remix),Planet Soul,,,399.70,D8FF8782BE77A5CE
Looking Through Patient Eyes,PM Dawn,,,249.29,4F57CFC43D7A83B0
I'd Die Without You,PM Dawn,,,251.30,7445E0C547C661C0
Set Adrift On Memory Bliss,PM Dawn,,,249.02,F7DA9ABFC4455CA5
I'd Die Without You,PM Dawn,,,251.30,CFD25280829A6604
Pointer Sisters - Im so exited,Pointer Sisters,?,,262.79,A15E70BA29FCA247
Something To Believe In,Poison,1991 Top 100,,328.39,20138DD3C45559CE
Unskinny Bop,Poison,,,228.15,DBB823555AC273FF
Party Shot (Major Lazer & ETC!ETC! Remix),Popcaan,,,200.59,543DF52E2050522A
Here We Go Again,Portrait,,,259.03,81519BA210207390
I Got A Man,Positive K,,,232.67,3528DE356CE214C0
Thieves In The Temple,Prince,1990 Top 100,,200.65,3DA362AAC4E55076
Diamonds And Pearls,Prince,1992 Top 100,,285.28,6EFD78E35581C010
The Most Beautiful Girl In The World,Prince,,,246.26,72450369A00D7053
7,Prince,,,309.00,6D28BB929988DEC6
Cream,Prince & The NPG,1991 Top 100,,253.07,FE034055E31125AC
Back It Up (Dave Aude Club Mix),Prince Royce Ft Jennifer Lopez And Pitbull,MyMP3Pool - For Promotional DJ Use Only - Not For Sale,,355.94,DD9EDFF97170CD7A
I'm Gonna Be (500 Miles),Proclaimers,Living in the 90'S - Disk 2,,215.88,4EE295C1F698AD3A
Walk With Me (Axwell & Dirty South remix),Prok & Fitch present Nanchang Nancy,Sun Factory 11,,239.28,47554DFF1ED0899C
I'll Be Missing You,Puff Daddy & Faith Evans Featuring 112,,,308.22,0B64C7C93B811FDA
Can't Nobody Hold Me Down,Puff Daddy And Mace,1997,,306.52,BED16374CF16CDB1
Come On Ride The Train,Quad City DJ's,,,451.92,A11213E982593608
Peakafeller x Lester Williams & Matteino (Martell Edit),Quebecois,,,266.53,0727535329CFB4BE
Silent Lucidity,Queensryche,,,347.69,FC5AC08A06855236
I Believe I Can Fly,R Kelly,,,284.39,7BED816E02411A0B
Bump N Grind,R Kelly,,,254.90,EDA8C3FA86F59ED1
Your Body's Callin',R Kelly,,,276.27,642C80F3282B6F58
Cant Sleep Baby,R. Kelly,,,330.32,DF9F37099E39FB75
Down Low (Nobody Has To Know),R. Kelly,,,289.20,F37F1792A377351C
You Remind Me Of Something,R. Kelly,,,251.22,FFC3CF56F4B5ECC4
Like I Love You (Money G Remix),R.I.O.,Like I Love You,,324.18,B9DCAECE48AB787A
Samurai (Tiesto Remix) www.livingelectro.com,R3hab,,,283.17,8BC21D62C1A5E369
Flashlight (Dj Cosmic Quick Hitter),R3hab & Deorro,,,172.38,2FC115C191C08A28
Killing In The Name,Rage Against The Machine,Rage Against The Machine - XX (20th Anniversary Special Edition),,313.63,356C94D4CA6F24C7
Sensitivity,Ralph Tresvant,1991 Top 100,,279.33,51D037363D8DFF71
All I Ask Of You (Higher Learning),Raphael Saadiq,Billboard Hits - 1995 - Disk 5,,362.24,67AA86D3C89DBA37
Another Night,Real McCoy,,,235.70,763A7D166706C8B0
Run Away,Real McCoy,,,231.99,4A6B50FA2E4EB2A5
Another Night,Real McCoy,,,235.70,98663A82BD53D6AD
Come And Get Your Love,Real McCoy,,,194.38,2C23B10353734F08
Under The Bridge,Red Hot Chili Peppers,,,263.11,47474B1C49A59D41
Can't Stop - D'Maduro Remix (Dirty),Red Hot Chili Peppers,,,214.91,7C318AB454BFDD56
Bring Out The Bottle,RedFoo (of LMFAO),,,239.20,09528943D49D8329
Cotton Eyed Joe,Rednex,Billboard Hits - 1995 - Disk 6,,195.29,C45CB00C78D6FE97
Cotton Eye Joe Song,Rednex,,,191.01,0F940653AD931002
Losing My Religion,REM,1991 Top 100,,266.03,B151D899B812AE83
Shiny Happy People,REM,1991 Top 100,,224.05,5BCE3E37B70BEF53
Save Your Hearth,Remady ft. Manu L,Summer Session 11,,220.71,752DF2C84C19AD50
When She Cries,Restless Heart,,,221.94,F632E82A9E16F454
P.A.S.S.I.O.N.,Rhythm Syndicate,,,221.28,3A3ED85AE62AB940
Clothes Off,Ria Mae,,,206.58,287D499913D1A059
Take This Heart,Richard Marx,1992 Top 100,,248.82,46FE7AEE49FA98ED
Now And Forever,Richard Marx,,,213.58,50B5A19E3E1B7599
Hazard,Richard Marx,,,296.46,EAB1FA3A283868E7
Keep Coming Back,Richard Marx,,,410.85,9F0E591658EA1F55
Cry For Help,Rick Astley,1991 Top 100,,291.58,EFC5B465AFE5755F
Extra Hard,Rico Love feat David Guetta,04-27-10 Promotorrents.Com Hip,,187.51,BD523E8EB1B676E8
I'm Too Sexy,Right Said Fred,Living in the 90'S - Disk 2,,172.67,CFC239671F65A766
Turn Me On,Riton & Oliver Heldens ft. Vula,,,280.63,DC741E355CC6B75D
Children,Robert Miles,,,422.61,58CB1199808A15D1
Do You Know (What It Takes),Robyn,,,221.75,9DE78F21B6479A47
Downtown Train,Rod Stewart,Downtown Train,,279.61,6D3C2BA7E8F633F5
Have I Told You Lately,Rod Stewart,,,239.86,397CBD4A7A20A532
Rhythm Of My Heart,Rod Stewart,,,252.13,24F21CCEF6FC5AC2
Reason To Believe,Rod Stewart,,,245.60,71DE41D03A1CCB4E
The Motown Song,Rod Stewart And The Temptations,1991 Top 100,,238.84,9F350BDC8FA06D24
I Belong To You,Rome,1997,,242.83,C968224565C9743A
Follow The Sound Vs. Arcade (Preview),Roul & Doors,,,378.85,30B8F24730110F9A
Dangerous,Roxette,Look Sharp!,,229.20,161794C737DAC171
It Must Have Been Love,Roxette,1990 Top 100,,261.59,BCCE9A16834D96C3
Fading Like A Flower (Every Time You Leave Me),Roxette,1991 Top 100,,232.85,B83C9E95F145EDB0
Joyride,Roxette,,,263.63,C66D296FCA78716E
Everybody Be Somebody feat Yavahn (Lucas & Steve Remix),Ruffneck,,,277.21,CA35FA05CD8F452D
"Loca People (What the F**k!"")",Sak Noel,"Clubaholics, Vol. 2",,212.00,E565BF9A75E06950
Do You Want Me,Salt N Pepper,1991 Top 100,,231.21,8C8D1F368D83A941
Shoop,Salt-N-Pepa,,,245.99,031F9DCBEBA4F7B1
Whatta Man,Salt-N-Pepa And EnVogue,,,295.81,9AF5DC5C97E5C820
Put your fuckin hands up acapella,Sample,,,20.82,6D8D61B421E6BF87
Building A Mystery,Sarah McLachlan,,,246.62,AEF2FC14187FFBDD
I Want You,Savage Garden,,,231.76,94309A828167FB09
Drop It (Original Mix)  www.livingelectro.com,SCNDL,,,247.61,32892F22381C27DC
Otis (Original Mix),SCNDL,,,222.07,D7CB84C249573E46
Wind Of Change,Scorpions,1991 Top 100,,309.34,1E5D99B4B4848C0C
Kiss From A Rose,Seal,,,287.97,673D8A05D5F2AA76
Crazy,Seal,,,268.33,05C7144484E79337
Prayer For The Dying,Seal,,,330.03,5FE1B15D1FD7FA51
Don`t Cry,Seal,,,378.23,23DA15862DBB9910
Beautiful Girls - Robin Roij Remix,Sean Kingston,,,182.26,26DD3D207E30DF05
Eenie Meenie,Sean Kingston ft. Justin Bieber,,,203.23,229C0E019CC2AE00
Two To Make It Right,Seduction,,,286.90,5E206964E3D6610E
No Games (D'Maduro Extended Remix),Serani Ft. Melanie Fiona,,,220.60,E0C043757A104998
Serato Scratch Sentence,Serato,,,30.12,440BAEBE9EBDF2FF
In The Summertime,Shaggy,Billboard Hits - 1995 - Disk 1,,235.36,C659C8A18461B264
Boombastic,Shaggy,,,246.39,B1E82804D2C3F4C5
It Wasn't Me Vs. Rattle (Moneykey Transition 95-128),Shaggy Vs. Bingo Players,,,304.08,7F8D92238E5CDCD9
If I Ever Fall In Love,Shai,,,289.04,98BEFA1555B1206F
Baby I'm Yours,Shai,,,274.05,5354E07FCA0DA76D
Comforter,Shai,,,250.57,FDD4C1CE62D47010
Stay,Shakespeare's Sister,,,230.35,46237D10C82CDD1A
I Love Your Smile,Shanice,,,265.56,518C9349A2E965A8
Saving Forever For You,Shanice,,,270.50,80626D3D6092DEEC
Sunny Came Home,Shawn Colvin,,,264.12,211913CFDD6AFD96
Strong Enough To Be My Man,Sheryl Crow,,,191.74,BEE9DC22B91E729A
All I Wanna Do,Sheryl Crow,,,272.61,CF7C807C1E3B0544
If It Makes You Happy,Sheryl Crow,,,274.42,033DC308F1F01466
Everyday Is A Winding Road,Sheryl Crow,,,256.03,B8FD1CAAF63B6EF3
All I Wanna Do,Sheryl Crow,,,272.61,BE9D66BF932A1019
If It Makes You Happy,Sheryl Crow,,,322.85,39462649DAE13F88
Booyah - Dibs & MGM Day Or Night Bootleg,Showtek,,,168.80,BF920DC28039B5B8
Slow down (Original Mix),Showtek,,,402.47,9C0C00061E07E592
Get You Home (Party Rock Remix),Shwayze ft LMFAO,,,293.48,F894919A9EE9A41B
Freak Me,Silk,,,274.49,FB3EF57C932033C6
Nothing Compares 2 U,Sinead O'Connor,1990 Top 100,,310.73,901B6B269C28AF78
All For You,Sister Hazel,,,219.48,4416A254C61CFCC1
Weak,Sisters With Voices,,,291.03,23C7E14C303FDF3E
I'm So Into You,Sisters With Voices,,,278.54,B7A36599307BB537
Right Here,Sisters With Voices,,,227.08,7B2D19BF9E60389F
Anything,Sisters With Voices,,,247.35,6A9DAEF52F34C325
I Wish (32 Intro),Skee Lo,Billboard Hits - 1995 - Disk 4,,372.82,3943C344D13071ED
I Remember You,Skid Row,,,392.23,CABD4600397B0955
Gin And Juice (Remix),Snoop Doggy Dogg,Doggy Style,,302.08,DD3A4E5DA2C2F062
Whats My Name,Snoop Doggy Dogg,,,246.46,989D810139B8B0CF
Informer,Snow,,,268.80,07F6678CE6504863
My Love Is The Shhhh,Somethin' For The People,1997,,310.33,883A9CEE13864A03
Damn I Wish I Was Your Lover,Sophie B Hawkins,,,323.66,62DBB88E76BC5571
As I Lay Me Down,Sophie B Hawkins,,,249.15,AAF43E2ABC58A5ED
As I Lay Me Down,Sophie B Hawkins,,,235.52,8C8B297A4446F0D5
Runaway Train,Soul Asylum,,,265.82,CD2FCF0EBF111CCB
Misery,Soul Asylum,,,264.49,2E886F2125AFE355
Candy Rain,Soul For Real,,,275.25,E5CE4427C2EBD18E
Every Little Thing I Do,Soul For Real,,,256.13,9CC26CD2161E50CE
Back To Life,Soul II Soul And Caron Wheeler,1990 Top 100,,225.10,E4CAF93B8D129D6B
Say You'll Be There,Spice Girls,,,235.88,B0174DDF05833ABD
2 Become 1,Spice Girls,,,239.18,69F0BF7E7C0072D1
Two Princes,Spin Doctors,,,257.52,BB7A2AB37503A56A
Nothing But Love,Spragga Benz Ft. Black Pearl,"Singles Pack ""05/31/2014"" - [www.dancehallzone.net]",,200.07,DEE33BA177DFC940
Steve Angello feat. Mako - Children Of The Wild www.livingelectro.com,Steve Angello feat. Mako,,,251.38,8FEE1CD3B1F419B8
Turbulence,Steve Aoki & Laidback Luke feat. Lil Jon,,,231.21,EA6C118BE2E940E6
Because I Love You (Postman Song),Stevie B,Living In The 90's - Disk 2,,300.64,E942B9AD98EBDE2F
Dream About You,Stevie B,,,245.16,E8FA10968893D2FB
Funky Melody,Stevie B,,,293.62,EBE62AB81629DC5C
Fields Of Gold,Sting,1993 Top 100,,220.26,376734D60B0B36E5
All This Time,Sting,,,294.84,7EC4CE6A7A62C308
If I Ever Lose My Faith In You,Sting,,,267.76,7A6BAC6F77746DD6
Show Me The Way,Styx,1991 Top 100,,276.69,C5A032E1159DB596
"Subway, 12 Pouces 5 $ - Musique seulement (Officiel)",Subway,,,30.15,F955A2FD1549456A
This Lil' Game We Play,Subway Featuring 702,Billboard Hits - 1995 - Disk 4,,295.34,071930D9893B825E
Robin Schulz (DJ Moneykey Intro Edit),Sugar,,,301.16,23B8CD5E52B9C281
Feel The Hype (Moneykey Remix 2),Sunshine Base,,,206.42,D11AA2DBCEDCFB98
Outta My Head (Dj Cosmic Club Mix),Sunshine Base,,,273.29,F56DC970BF450FEF
Feel The Hype (Dj Cosmic Remix) Version 2,Sunshine Base feat. Dj Cosmic,,,288.81,76ADDABE499CDD42
Good Time (Olivier Giacomotto Remix) IVAN - [www.FS-Club.net] - [2012],Superskank,,,418.85,0085932DB0CFE54E
The First Time,Surface,1991 Top 100,,256.70,2AAC0690E4BCC9E0
Tom's Diner,Suzanne Vega & DNA,,,228.05,6D5BF92A8E79A67E
Miami 2 Ibiza,Swedish House Mafia ft. Tinie Tempah,Summer Session 11,,235.10,89575AE2D37518E0
If Wishes Came True,Sweet Sensation,,,315.04,1FCCC66987A65BAA
You're The One (Allstar Rap Remix),SWV & 96 Anthem,,,291.39,32E5316F28486AA8
Sunshine (Dj Cosmic XTD),T.O.K,,,264.54,D9BEF92AF5508A26
Whoomp! There It Is,Tag Team,,,216.55,795F3E3234ACBA1E
Whoomp! There It Is,Tag Team,,,216.55,34CE48029F51EF16
Back For Good,Take That,,,242.36,8DE1B8D7CD17653F
Back For Good,Take That,,,241.76,C50692BE96BE3CEB
Hold You Tight,Tara Kemp,Living In The 90's - Disk 2,,284.34,0B2125A988B8E2E7
Piece Of My Heart,Tara Kemp,,,227.50,0B46DF0936111114
I'll Be Your Shelter,Taylor Dayne,Can't Fight Fate,,285.02,B6D52B19A16A7EFF
With Every Beat Of My Heart,Taylor Dayne,1990 Top 100,,263.34,046BBCC2303304E9
Love WIll Lead You Back,Taylor Dayne,,,279.12,A15C31E411FEA1AF
Can't Get Enough Of Your Love,Taylor Dayne,,,264.33,D9996D71CD2CE3F5
Break It Down Again,Tears For Fears,,,271.67,5F24207CEB92F1E0
Pump Up the Jam,Technotronic,,,321.75,3D8929C8BC7A2117
Move This,Technotronic,,,321.31,96F2A4F61F3FEA14
Get Up (Before The Night Is Over),Technotronic,,,288.23,85A358EAA28AC5B0
Love Song,Tesla,,,322.43,AC761F30246D5F7F
Signs (Live),Tesla,,,181.45,D40976C6C76471CE
Tell Me What You Want Me To Do,Tevin Campbell,,,299.83,59AC436B1F58D81E
Can We Talk,Tevin Campbell,,,283.04,7E0D8291F05E721B
I'm Ready,Tevin Campbell,,,289.04,D556B5A9C24EEB66
Round And Round,Tevin Campbell,,,235.78,C47A6D34EF8B6286
Always In My Heart,Tevin Campbell,,,337.63,4FA8136C636DB2E9
Love Shack (Edit) (2019 Remaster),The B-52's,Cosmic Thing,,262.66,1888918A5852321D
Closer - Jauz Remix,The Chainsmokers ft. Halsey,,,238.21,642D5D4C90CA202E
Zombie (Remastered 2020),The Cranberries,BONUS,,307.70,303905F3A194D2CE
Mawby (The Cube Guys Mix),"The Cube Guys, Miami Dub Machine",zippyclan.com,,421.04,FB5A6987308D4CE5
How Do You Talk To An Angel,The Heights,Living in the 90'S - Disk 2,,226.87,A6297B030C1BEC4C
How Do You Talk To An Angel,The Heights,Living in the 90'S - Disk 2,,226.87,9F8513BA3E88A36E
I'm On A Boat,The Lonely Island ft. T-Pain,,,156.71,345E55FF762CD5B5
One More Chance-Stay With Me,The Notorious B.I.G.,Billboard Hits - 1995 - Disk 2,,257.88,4998D3CF57E6B6ED
Warning,The Notorious B.I.G.,Ready To Die,,220.73,413B13BC353A794B
I'll Stand By You,The Pretenders,Billboard Hits - 1995 - Disk 6,,235.47,067D9F761B2304EC
Nervous Breakdown,The Shrink Reloaded ft. Mc Pryme,Summer Session 11,,297.74,E1E6E17EB25858B6
1979,The Smashing Pumpkins,,,264.86,508C3FE7A91C4F43
Nobody Knows,The Tony Rich Project,,,263.60,877CC27658A982D5
The Freshmen,The Verve Pipe,,,268.80,149590312C2D6B51
Can't Feel My Face (ELIAS Remix) [DJ Moneykey Edit],The Weeknd,,,131.73,E7A21D1A982B2630
Semi-Charmed Life,Third Eye Blind,,,267.99,97958A92CB4F79C0
Blurred Lines (Komes Remix) www.livingelectro.com,TI & Pharell,,,331.34,6E8D3758505A0589
Wasted (R3hab Remix),Tiesto Feat. Matthew Koma,,,252.97,DF34816880604BC7
Secrets (SoundMan Quick Hitter),Tiesto KSHMR Ft Vassy,,,204.59,A051CA9C5327DAD2
Tiësto vs. TRJ & Vinai - Lethal Industry vs. Bounce Generation (Hardwell Mashup),Tiësto vs. TRJ & Vinai,,,152.58,D7D3819475EE0EF2
Don't Take The Girl,Tim McGraw,,,249.05,2DEBE80E719E827B
Indian Outlaw,Tim McGraw,,,182.02,67CC20C6E1279983
It's Your Love,Tim McGraw & Faith Hill,1997,,224.08,D9DF8611CED924F0
Jerk Out,Time,1990 Top 100,,231.86,A02F434A3BC65E0B
One More Try,Timmy T,1991 Top 100,,195.63,799174907A5DA0B1
Freaks (W&W Bigroom Edit)www.livingelectro.com,Timmy Trumpet,,,180.06,EC016D5E9CD18966
I Don't Wanna Fight,Tina Turner,,,367.20,9B13ED81D6849411
How Ya Feelin (Original Mix),TJR,,,206.84,D04785EF7EB50FFF
TJR - How Ya Feelin (Original Mix) www.livingelectro.com,TJR,,,206.84,61202F3ECC8B49FD
TJR - How Ya Feelin (Original Mix) www.livingelectro.com,TJR,,,206.84,E818975D073CC84B
Turn The Bass Up (Original Mix)www.livingelectro.com,TJR,,,286.90,548A34F424438B29
Turn The Bass Up (Original Mix)www.livingelectro.com,TJR,,,286.90,BD37C10CCD805CDF
Bounce Generation (Moneykey Edit),TJR & VINAI,,,250.38,BF011EB6963996BB
Bounce Generation (SCNDL Remix),TJR & VINAI,URBANMUSiCDAiLY.NET,,248.50,469D166D8C74938C
Waterfalls,TLC,,,279.59,C05212AD2E7B1723
Creep,TLC,,,268.04,0228709B0668EA06
Baby Baby Baby,TLC,,,314.07,F4C936713126DB69
Red Light Special,TLC,,,302.18,BE30B54205EB6BE6
Ain't 2 Proud 2 Beg,TLC,,,336.33,610A1222B21B1741
Diggin' On You,TLC,,,255.11,469DCBC002A2C3C1
What About Your Friends,TLC,,,293.64,55C26785A9452CA8
What About Your Friends,TLC,,,293.64,3C31028771A386BF
All I Want,Toad The Wet Sprocket,,,198.16,A0E89B03779157BF
Life Is A Highway,Tom Cochrane,Living in the 90'S -- Disk 1,,268.27,AB064C327AECD6B9
You Don't Know How It Feels,Tom Petty,,,289.54,FCAC52B5C156CDE5
Free Fallin',Tom Petty,,,249.47,657D8C92282C76F0
Mary Jane's Last Dance,Tom Petty,,,271.62,DF1923025A4EE915
Brick By Brick,Tommie Sunshine & Breikthru,,,210.96,9C61C67DDBCA4FBD
I'll Be Your Everything,Tommy Page,,,248.40,01FCEF983F36F7FC
Let It Flow,Toni Braxton,Secrets,,262.40,88885EDE501C4FFB
I Love Me Some Him,Toni Braxton,Secrets,,307.10,671FC9EB9C20C91B
I Don't Want To,Toni Braxton,1997,,257.02,519830F1D8CA163E
Unbreak My Heart,Toni Braxton,,,270.18,3DEC501AE4A9F283
Breathe Again,Toni Braxton,,,269.17,BDBEDCAF4CD0068C
You're Making Me High,Toni Braxton,,,266.81,4F4CAC9D0B2C7B2C
You Mean The World To Me,Toni Braxton,,,296.05,331A6821FA63CCE0
Another Sad Love Song,Toni Braxton,,,298.48,57A6048C59F6DD48
Unbreak My Heart,Toni Braxton,,,269.92,07ADF59325AB1946
If I Had No Loot,Tony Toni Tone,,,241.35,1B4968B241BC5756
Anniversary,Tony Toni Tone,,,269.69,DE23A1C5615D4D41
Kissin' You,Total,,,281.34,449E94365D7D8C85
No One Else,Total & Foxy Brown Lil' Kim,,,274.73,21EB1BF2EAE5A58C
Can't You See (New Jersey Drive),Total Featuring The Notorious B.I.G.,Billboard Hits - 1995 - Disk 4,,293.93,5D10B074AF9C76E6
Peakafeller x Gerry Boulet x Wolfpack & Warp Brothers,Toujours Vivant (Martell Edit),,,252.94,8CDAF2D471EAD9A4
This House,Tracie Spencer,1991 Top 100,,304.04,2D0CBB2547C0593B
Give Me One Reason,Tracy Chapman,,,271.60,44DBD1A787DA2DCD
Billionaire,Travie McCoy,,,209.84,5A285FDD04BBA9D6
All Night (Original Mix),Tujamo & Jacob Plant,,,258.82,3DB17285E218A5B8
Mister Calabria (Dj Cosmic Bootleg),Tujamo vs. Enur,,,315.66,78F037876F21302B
Girls Nite Out,Tyler Collins,1990 Top 100,,249.05,D16813EF03CB8F5F
Mysterious Ways,U2,,,242.26,4911322EA2827D84
One,U2,,,276.14,9EC75ABB48C885E6
"Hold Me, Thrill Me, Kiss Me, Kill Me",U2,,,280.74,E6E13BB9B9562AF2
The Way You Do The Things You Do,UB40,1991 Top 100,,181.39,056ACC1B590434D1
Here I Am (Come and Take Me),UB40,1991 Top 100,,239.23,BD4AF6142662BFE8
Can't Help Falling In Love,UB40,,,203.36,C01D34214B500497
Cat's In The Cradle,Ugly Kid Joe,,,241.95,D09A0D308F1504B7
I Hate Everything About You,Ugly Kid Joe,,,260.44,B7E459E8933B7E47
Cheezin' (Original Mix) www.livingelectro.com,"UMEK, Waka Flocka",Cheezin',,345.68,874C28DF89E3981D
Revolution (Dj Cosmic Quick Hitter),Ummet Ozcan & R3hab feat. NERVO,,,198.79,CBC6E1C3A4CAC29D
Cantaloop (Flip Fantasia),US3,Living in the 90'S - Disk 2,,279.09,39AC29C87555FA1C
You Make Me Wanna,Usher,,,219.51,77988D089112E626
OMG,Usher ft. Will I. Am,Raymond vs Raymond,,284.42,F7DABC71D0ED2D45
Can't Stop Lovin' You,Van Halen,,,247.51,10276DA74FEB064A
The Hustle,Van McCoy,,,246.44,5B7055A0C3647126
Save The Best For Last,Vanessa Williams,,,219.27,4127281C8435344D
Colors Of The Wind,Vanessa Williams,,,257.93,A7C4A896819FE90D
The Sweetest Days,Vanessa Williams,,,211.59,07BDB966761D1BB9
Love Is,Vanessa Williams And Brian McKnight,,,284.99,B223DA4F061F1AB2
"Ice, Ice Baby",Vanilla Ice,1990 Top 100,,271.07,E55D86ED78261805
Play That Funky Music,Vanilla Ice,1991 Top 100,,261.04,64D24A5CBDB59F8F
Give Me Everything,Various Artists,RnB Seductions,,284.26,2CC6DD80394B46B1
Moon Rising,Various Artists,Rock Mix Clasico,,135.26,59DBE160A4DF57FF
Village People - YMCA (Disco Oldies),Village People,?,,288.39,039B40C82523A226
Techno (Original Mix) [www.livingelectro.com],VINAI,,,202.60,7FDAE0D285BEE849
VINAI - Legend (Original Mix)www.livingelectro.com,VINAI,,,240.09,DDEDA27A34771F37
(MASTER) Vito V RMX Contest,Vito V & Kay,,,277.65,4BADFB1C3C6193F5
Shake It In Limbo (Dj Cosmic XTD Mix),Voicemail & Beenie Man,,,180.45,17509A565C7554F3
Boom 2 Club (Dj Cos,Vybrate,,,280.68,403C57965BB4CE1F
Summertime,Vybz Kartel,,,193.07,6EF3D9BA14FDC967
Vybz Kartel - Summertime (from WWW.DEEZER.LINK),Vybz Kartel,,,193.07,C308C83E41ABAA64
We Control The Sound (Original Mix),W&W & Headhunterz,,,329.43,73B16178974DBCBC
Tell Har Fi Move,Ward 21 (Suku),"Singles Pack ""05/31/2014"" - [www.dancehallzone.net]",,220.26,6AB0B9713F55F6FE
I Saw Red,Warrant,,,227.06,ABCFADFB25B8B448
This DJ,Warren G,,,202.95,EDCC4FAA2A1D7248
Regulate,Warren G And Nate Dog,,,248.97,89B5E6A2A5824934
Can't Feel My Face (SoundMan Club Hitter),The Weekend,,,204.20,079A2D6B70694842
I Believe In You And Me,Whitney Houston,1997,,235.15,FD9E4B07670525C9
I Will Always Love You,Whitney Houston,,,270.92,8800524F590C3572
Exhale,Whitney Houston,,,202.95,55D7066AF6C58BF6
All The Man That I Need,Whitney Houston,,,248.87,844E4DA583B8D380
I Have Nothing,Whitney Houston,,,290.09,6D2B42ED710AB874
I'm Every Woman,Whitney Houston,,,286.64,C8FC201B88377296
I'm Your Baby Tonight,Whitney Houston,,,298.92,48D89FD7DDB316C6
Count On Me (From Waiting To Exhale),Whitney Houston & Ce Ce Winans,,,264.83,8F942090FE4E99E4
Will Sparks - Flutatious (Original Mix) (drunkenbeat.net),Will Sparks,drunkenbeat.net,,333.82,7BFFFEC7F97101A7
I'm Not In Love,Will To Power,1991 Top 100,,247.93,F8ADF52574925CB9
Scream & Shout (Reidiculous Remix) COSMIC CLEAN,Will.i.am feat. Britney Spears,,,247.20,212E1BB8DEDEE215
Baila (Cosmic French XTD),Willy William & Lyloo,,,286.90,6F1DCA03DA3696CA
Release Me,Wilson Phillips,Wilson Phillips,,232.49,AA89309EED297178
Hold On,Wilson Phillips,1990 Top 100,,263.21,CAB6F02E7F10BF3E
You're In Love,Wilson Phillips,1991 Top 100,,292.88,B6DDCC6829B80B6E
Impulsive,Wilson Phillips,1991 Top 100,,274.44,B41A0B445ED76438
Miles Away,Winger,1991 Top 100,,251.27,64E66348B70D1CEB
Wiz Khalifa feat. Charlie Puth - See You Again (Ale Mora Remix),Wiz Khalifa feat. Charlie Puth,,,222.64,F28427159E1EE76C
We Dem Boyz (Hol' Up) Remix (Intro - Clean),"Wiz Khalifa ft. Puff Daddy, Meek Mill, French Montana, & T.I.",,,422.22,4DEA94782ED5F9A2
Rump Shaker,Wreckx-N-Effect,,,311.01,87CA350A11C781C9
Calvin Harris - Open Wide feat Big Sean (DJ SoundMan Quick Hitter),www.DJSOUNDMAN.com,,,210.02,027E2C6DC6DFA552
Run It- - www.KrazyWAP.MoBi,- www.KrazyWap.MoBi,Chris Brown - www.KrazyWap.MoBi,,229.98,869220D5FC09B1AE
Ludacris - Move Bitch,www.Pressplay.to,DJ SIESTO - Big Old But Gold-www.Pressplay.to,,270.94,0E12638EDBDD2413
Just Kickin It,Xscape,,,202.53,8522C2B756CBD100
Understanding,Xscape,,,340.30,15FC03AF753EAB68
Just Kickin It,Xscape,,,202.53,EEE3229D0EF31C65
Heads Will Roll (SoundMan Quick Hitter),Yeah Yeah Yeahs,,,250.02,8348BE3FE77734A8
7 Seconds ft. Neneh Cherry,Youssou N'Dour,,,271.07,A1E0F9EAFCF2735B
I Want You to Know (feat. Selena Gomez) - ACAPELLA,Zedd,,,238.78,F1D569E786617013
I Want You to Know (feat. Selena Gomez) - ACAPELLA,Zedd,,,238.78,C41363FEC5B2A93D
Want You to Know (SoundMan Club Hitter),Zedd ft Selena Gomez,,,214.62,D4EB1D43A73AD86B
Hey Mr DJ,Zhane,,,294.32,DDD1E44187D253A5
Groove Thang,Zhane,,,230.92,29D66CF907BC9342
Faded  (The Magician Remix ),ZHU,,,334.71,3A4BE2787AA85DA5
Release Me (TV Rock Club Edit),Zoe Badwi,,,285.80,35C79B3562A3581F
Humble Invades (Moneykey Bootleg),Zomboy Vs Kendrick Lamar,,,247.03,16E5C083519F6EE7
Old School,2Pac,Me Against The World,,280.55,D129C141F8985AAF
How Do You Want It,2Pac,,,287.48,D8AF9ED0D18A1A05
I Get Around,2Pac,,,258.53,918083431ED1A439
My First Kiss,3OH!3 Feat. Ke$ha,Streets of Gold,,194.04,7EBDFD093E8DF01F
Anything,3T,,,260.70,4B16E74B5F4F8911
What's Up,4 Non-Blondes,"Bigger, Better, Faster, More!",,294.06,7A2F134FBA5ECE87
Sukiyaki,4 PM,Now's the Time,,161.62,3E76AF10BC54691C
PLG**,5SANG14,,,223.24,3BE5299D4E770176
Because The Night,"10,000 Maniacs",,,223.40,0F2F6FD81396FF24
Short Dick Man,20 Fingers,Billboard Hits - 1995 - Disk 5,,290.95,62EBE5DBA3B58931
Tootsie Roll,69 Boyz,Billboard Hits - 1995 - Disk 4,,259.81,0E897ED4C07DB63D
Tootsee Roll,69 Boyz,,,242.99,45FEB0512B85A548
"Whoot, There It Is",95 South,,,183.80,EACBD9497AD780BC
Invisible Man,98 Degrees,,,282.41,497279BBEEFEEF05
Cupid,112,1997,,253.83,5519606A91CB07C7
Only You,112,,,289.23,27A3071DBEF5A216
Get It Together,702,1997,,296.54,BC727BCEA2F86BF7
Freestyle 3,?,Freestyle 3,,3560.41,ECC501B84AC29BD6
